"Id","MatchId","ZoneId","IsPushed"
"00d94be0-c4d4-43aa-9944-94a91563cb71",e6ca7711-a53a-4d89-bc28-487b9835c81a,a100e2d7-c4fd-4504-8974-253ad8366322,false
"01f784a3-9bcd-46d5-9349-72644fa0317a",e6ca7711-a53a-4d89-bc28-487b9835c81a,ac236838-6a44-499b-aeb3-728ff4ef0470,false
"03c0ba5d-774b-4d7e-9c88-5b1c0f6d669d",e6ca7711-a53a-4d89-bc28-487b9835c81a,"2f6ce9cb-ac40-4e90-906c-765b31115aa3",false
"04419a3d-77f5-444f-a20a-df5fb27ad481",e6ca7711-a53a-4d89-bc28-487b9835c81a,"93ffdcb1-dd7e-4e81-9ab9-0351ce188264",false
"075d93d9-17b8-4a33-9d0a-875575f80170",e6ca7711-a53a-4d89-bc28-487b9835c81a,"41154ca3-497a-41cc-b7ba-99e1c8906ecf",false
"099de4a0-8d0f-4885-9e54-8341f376d94f",e6ca7711-a53a-4d89-bc28-487b9835c81a,"5f5f927d-4a78-435f-9205-763091c3b4d1",false
"09fcd023-306b-45a7-b37a-5d3ad4eeeda6",e6ca7711-a53a-4d89-bc28-487b9835c81a,ca2c8426-4894-4cb0-9206-229ed58ed598,false
"2f701d62-b5c0-4139-8c2d-015b6a0a2b9b",e6ca7711-a53a-4d89-bc28-487b9835c81a,dd956a1b-cbb9-4c2b-a5dc-c3ec23e1eab0,true
"0b61fc6b-4c2a-4be6-add3-81538f6c49e8",e6ca7711-a53a-4d89-bc28-487b9835c81a,"93e6ab33-d960-45e2-a7a1-d47b103d1532",false
"0cf5b1ff-115f-4381-9a19-3eee90e0df17",e6ca7711-a53a-4d89-bc28-487b9835c81a,"8e0fc01d-9f92-4dd3-9b20-2a3f19e2ed2b",false
"0e1628ac-9d2c-4cd7-a960-d2a11c243c63",e6ca7711-a53a-4d89-bc28-487b9835c81a,"492be191-c7e9-44ed-b963-18b70c8f285e",false
"0e1ffa6a-fa13-41f3-babc-0ccba3d1fd27",e6ca7711-a53a-4d89-bc28-487b9835c81a,"580a3d7b-acad-40b3-92b3-7cdfb70026d5",false
"0eb478c7-095b-4a0d-8841-37098c3b8801",e6ca7711-a53a-4d89-bc28-487b9835c81a,d3ddd27e-4b74-4b90-9a63-3546efe9176a,false
"0fd5c396-d9ac-4203-9819-d8f2c4f3dd0b",e6ca7711-a53a-4d89-bc28-487b9835c81a,"0ca578c6-b612-4bc9-bb2c-ecf1383f36d0",false
"11fdf932-f636-4e44-a4cd-7f8c8abf91df",e6ca7711-a53a-4d89-bc28-487b9835c81a,"06e9da27-571c-4dd5-9810-ab7880b725f5",false
"1440b2b7-276d-4de2-927b-a811014c226e",e6ca7711-a53a-4d89-bc28-487b9835c81a,"10162692-055d-4add-a8db-a68a7ac695f9",false
"18460622-e0f6-4d98-a461-fd4a58fd201d",e6ca7711-a53a-4d89-bc28-487b9835c81a,"6ec9dcbc-ddb0-4088-918b-fc8eab043217",false
"1bfd908e-f2c1-465c-82c7-4c6551dff4d2",e6ca7711-a53a-4d89-bc28-487b9835c81a,"51ba174c-5a07-4200-a2a4-1215428db7bd",false
"1d1b84ea-be7e-45cc-9c76-2242a9491bf6",e6ca7711-a53a-4d89-bc28-487b9835c81a,"8186a252-08dc-48f2-a04d-1f44a7becc57",false
"1e877fff-c7d1-4eea-9999-88729560bf49",e6ca7711-a53a-4d89-bc28-487b9835c81a,"0e824b38-764c-4a70-b71a-9e4aa067988c",false
"1e89a804-e97f-41d7-b0e2-55621fced218",e6ca7711-a53a-4d89-bc28-487b9835c81a,e7ac2f97-3d98-4d5a-bcc6-e8f793bfbf2a,false
"2369db9d-a495-4fed-a79b-348731b7567c",e6ca7711-a53a-4d89-bc28-487b9835c81a,"401ebcf8-9a75-4557-9adb-cf0ecca18cf1",false
"23fa90e9-c2f7-4eff-a495-4ad48e2114e9",e6ca7711-a53a-4d89-bc28-487b9835c81a,"3229be8d-ee3a-4f75-9fcc-0484b61add50",false
"2838e927-76b2-4738-ad0d-c39a47d2e95e",e6ca7711-a53a-4d89-bc28-487b9835c81a,bab68572-1cbf-494d-bf2a-fddabff18783,false
"2b0e3f3f-feba-4b8e-b0bf-b0dbf8127d60",e6ca7711-a53a-4d89-bc28-487b9835c81a,"6713f95f-aae7-4359-813f-9b72d85ad747",false
"2d325188-90e5-454e-a04a-7096e9cfe8e4",e6ca7711-a53a-4d89-bc28-487b9835c81a,b532798d-6e5d-44d7-923c-e50f09a8bb07,false
"3519172b-3ba2-4d75-86f7-27a51fbe177e",e6ca7711-a53a-4d89-bc28-487b9835c81a,"9b60fb9a-304b-4a4f-b6b8-bc1e2485849c",false
"3866fd3b-0593-4be7-9754-b130ef3b226e",e6ca7711-a53a-4d89-bc28-487b9835c81a,d711ace5-7e28-4d46-ad93-cf7d51b55fbe,false
"38f7941e-4583-4b0c-b56e-eb7c0ec185b7",e6ca7711-a53a-4d89-bc28-487b9835c81a,afe0987e-81f8-447f-9bdd-8edfb6345483,false
"39076695-b0cd-42fb-9277-95ad23522c5f",e6ca7711-a53a-4d89-bc28-487b9835c81a,b929bc84-ccb2-47d9-a5ea-6d0c7207bdc4,false
"3a5ed3ab-7f14-4050-81bd-a4b37d8aa062",e6ca7711-a53a-4d89-bc28-487b9835c81a,c3e9bd33-0782-4851-9abe-6593b435349d,false
"3ad7e174-642f-4c71-b9ee-7e7550eeb135",e6ca7711-a53a-4d89-bc28-487b9835c81a,"3e13b41c-062d-40c6-ade3-393b792300ff",false
"3b85f4f7-e701-4210-b046-f30df726582c",e6ca7711-a53a-4d89-bc28-487b9835c81a,"6df16214-3031-44c7-87b0-9ddc664d9f99",false
"3e1b7265-3a3e-44f7-b461-1f467b8c6af0",e6ca7711-a53a-4d89-bc28-487b9835c81a,cea32c47-51af-493c-bfce-e16318443e39,false
"3e7f7f85-5225-41ba-b08a-3dc9d437d757",e6ca7711-a53a-4d89-bc28-487b9835c81a,"80f2376b-9b2b-4507-9374-eccc1f2169a3",false
"414ebb89-bbe7-4a62-85bd-f6f0cd25d2e8",e6ca7711-a53a-4d89-bc28-487b9835c81a,"55a65462-1d9f-4d4b-9236-7ed1aa2a53c1",false
"42f122af-8f5d-448c-9299-d19fa48edc68",e6ca7711-a53a-4d89-bc28-487b9835c81a,"00ede99b-8e2c-4d33-bdbb-20cd9b0c527d",false
"4436c6ab-fbda-4707-9462-bfa7c8ebef7a",e6ca7711-a53a-4d89-bc28-487b9835c81a,"4a22acfa-3509-468c-a865-e8ee8d6af74a",false
"44f094eb-000f-4bbc-9920-41c9a4b95712",e6ca7711-a53a-4d89-bc28-487b9835c81a,"9a132bef-d092-4c4d-913d-e30e83c6467c",false
"457861c4-5346-4d2c-bff1-c7526463c28d",e6ca7711-a53a-4d89-bc28-487b9835c81a,"274e9500-5a6e-4d70-af9e-a3c9ac201804",false
"499ac197-8e45-4483-867b-b29354567a66",e6ca7711-a53a-4d89-bc28-487b9835c81a,"59010e25-7145-441f-a9d5-c6d289d76fd9",false
"4b53bae5-0587-4eb5-b535-4d7fefc91a6b",e6ca7711-a53a-4d89-bc28-487b9835c81a,"90e5e35e-3d72-4908-8236-fd38368a5114",false
"4b9c72ae-a520-48fa-a6d1-a42fe4df6750",e6ca7711-a53a-4d89-bc28-487b9835c81a,f9cd5dbd-73d7-4b99-9918-3090e2510a3b,false
"4c3d9b05-a2ce-4cf0-8d06-6c2ddcbaf7ba",e6ca7711-a53a-4d89-bc28-487b9835c81a,baff2740-1d5f-46ac-b07e-f8b87ef60896,false
"4e2b09cb-bc8b-4b96-ac59-14db9779d1da",e6ca7711-a53a-4d89-bc28-487b9835c81a,d7b0917b-8806-4e96-a74b-bea9b7bf6602,false
"57071f30-8d09-42be-9cff-981b242647ea",e6ca7711-a53a-4d89-bc28-487b9835c81a,"8efc3e66-1527-413d-9534-a8f4c770ad5c",false
"5b9aa820-808a-45d7-8f3b-912c83d887cc",e6ca7711-a53a-4d89-bc28-487b9835c81a,"2fd41bcc-5b9b-4b3f-9868-a25b9bb0b4c1",false
"5d807cb4-473e-47eb-9301-2d6965e3bdeb",e6ca7711-a53a-4d89-bc28-487b9835c81a,"19731fdd-72b4-4e9a-8bc0-d2913fdcf590",false
"5e58856a-e397-401e-a572-e45336090117",e6ca7711-a53a-4d89-bc28-487b9835c81a,"8c4787ba-8312-4891-820f-76eb5c1663c5",false
"5e81e5f2-4ffd-410b-a5ba-24a96594d9bd",e6ca7711-a53a-4d89-bc28-487b9835c81a,df5b70fb-f157-45e6-a0ab-f3961f236b0b,false
"627605b2-e015-49b6-b07b-766d062c5608",e6ca7711-a53a-4d89-bc28-487b9835c81a,df1a6e16-1fbc-4200-b7c2-c5b89c50f117,false
"634ab69a-6f31-41a4-be52-7ec3747930ca",e6ca7711-a53a-4d89-bc28-487b9835c81a,"6ce3e9cc-9f1d-4568-819a-3ce7bc3fc5ce",false
"6418ce62-d118-4dcd-a165-6e1a968eb363",e6ca7711-a53a-4d89-bc28-487b9835c81a,a22abc91-2b92-441a-a6f9-944c6688be89,false
"659e7953-7aa7-41b5-8d2b-45178bc897d1",e6ca7711-a53a-4d89-bc28-487b9835c81a,"8a267bcd-675f-494f-9927-05175fce294b",false
"666d8f02-7228-4ff3-bfa0-08264ad6b883",e6ca7711-a53a-4d89-bc28-487b9835c81a,"3ee123c3-da1f-499b-8f76-355a1dd17e3b",false
"673b8cfc-4997-4c49-ac2f-94a8455d28f4",e6ca7711-a53a-4d89-bc28-487b9835c81a,c8eedf5a-839c-46eb-9e13-0aff06d960b3,false
"67fb3cfd-8b84-430f-9ed0-fce83bc6bea6",e6ca7711-a53a-4d89-bc28-487b9835c81a,"2f1a5327-ea24-4ca9-8453-81f346e01ead",false
"689d7e32-4e96-4fb4-8f92-42333a1b3a65",e6ca7711-a53a-4d89-bc28-487b9835c81a,"1d9bd85b-6277-4443-8005-262d611652d9",false
"6a58cd18-753d-4416-8fc9-33b8a43c363a",e6ca7711-a53a-4d89-bc28-487b9835c81a,ebdd1b26-3d5f-491a-b31e-1bf8cf3a5644,false
"6b9cfad7-2f36-4fd6-9557-8d65d1d7bf6f",e6ca7711-a53a-4d89-bc28-487b9835c81a,"633a6e69-2d69-457c-bb8d-88c1b8750c8d",false
"6d05b8cc-a361-4686-83d2-64ac0ef4316d",e6ca7711-a53a-4d89-bc28-487b9835c81a,"6461fc10-89ca-4df5-a237-c69d9d12b74e",false
"6dbe9629-d739-44db-b3e7-1344ee8dc554",e6ca7711-a53a-4d89-bc28-487b9835c81a,"93067249-820b-4982-84ee-54a7b7fedb17",false
"6efb62bb-1ba6-477b-854d-19b317c801c0",e6ca7711-a53a-4d89-bc28-487b9835c81a,"8c7c7a3b-4994-45cb-b599-0834ac803403",false
"70e52fbb-59a7-427a-9711-8c19ec0b0601",e6ca7711-a53a-4d89-bc28-487b9835c81a,"11484cd3-6ac5-41d3-b391-d7bc4df6095c",false
"717b5fdf-e990-456d-b19c-326281280cf3",e6ca7711-a53a-4d89-bc28-487b9835c81a,f2823f84-aa83-4942-af82-4104b0ccc6b3,false
"739329a1-9263-4c68-8f84-7b46ecc88f70",e6ca7711-a53a-4d89-bc28-487b9835c81a,ad25339b-564a-45fc-8c28-0a4edc85f6c0,false
"74a54263-2372-4c7a-8252-91571e9c90fc",e6ca7711-a53a-4d89-bc28-487b9835c81a,f05d2af4-067a-4400-aa26-c986735b66ba,false
"759330ba-5f17-45b4-8881-5b915c2ee7dc",e6ca7711-a53a-4d89-bc28-487b9835c81a,"585ec450-8c4a-4d40-bd3c-c8949636cdf8",false
"7681bead-cda0-4062-b450-25fdca16b7a5",e6ca7711-a53a-4d89-bc28-487b9835c81a,ffec72d4-9b24-40a6-8407-1aa4ee01c0bd,false
"7821f2a7-b67b-4359-add7-1ecb82c17940",e6ca7711-a53a-4d89-bc28-487b9835c81a,"11146ef2-4454-49a0-aff3-d54fb081e5ba",false
"7e9285df-af0e-4e15-8cd1-b064348809d3",e6ca7711-a53a-4d89-bc28-487b9835c81a,"13651bef-5e7b-4476-8491-3434c6460c97",false
"7f27f89f-ab63-4606-9186-2b25ec8abf53",e6ca7711-a53a-4d89-bc28-487b9835c81a,"5a182494-1e1a-45d4-b0da-2a4ff42f2918",false
"7fafacc5-9a99-420e-bbcc-1fd6c2aa3e56",e6ca7711-a53a-4d89-bc28-487b9835c81a,"697cd078-a884-483f-977f-bbbacc4ec7b9",false
"80fb4a42-612f-4114-9a75-950f56a3cf6e",e6ca7711-a53a-4d89-bc28-487b9835c81a,"6281adbf-3e0d-49e9-b85d-0a675f05a9c1",false
"810c3554-cadd-473b-8fec-48bea0d7b7dd",e6ca7711-a53a-4d89-bc28-487b9835c81a,"26b16e49-f6f8-4a89-a536-65e871bc6486",false
"83fd1447-2e9b-4422-82ab-3429e7efa231",e6ca7711-a53a-4d89-bc28-487b9835c81a,"7be60c74-1e78-4084-9430-b23cd6415e7c",false
"86b382af-5edd-42cc-99c8-096e185cfac4",e6ca7711-a53a-4d89-bc28-487b9835c81a,bf369b14-599f-41bc-a4ad-c653b9c303b3,false
"88ca9ce9-f6c3-4d8f-a24f-ccb27a76448e",e6ca7711-a53a-4d89-bc28-487b9835c81a,eaa2947d-4080-4e5e-9411-eae73069c747,false
"898849cf-ed14-4541-9b53-6b217dbc2eed",e6ca7711-a53a-4d89-bc28-487b9835c81a,"944e4280-7820-4d0f-bb33-c196083bd285",false
"8bcf8e09-fbc3-413f-b3cb-fb03bfff4002",e6ca7711-a53a-4d89-bc28-487b9835c81a,a97af259-b8aa-4ba7-a809-49d9570cbe3a,false
"8fb3021d-fe33-4c17-9c1b-e7f7e521f461",e6ca7711-a53a-4d89-bc28-487b9835c81a,"3193fbb5-e732-48de-978e-fa921e37542f",false
"917d119a-469f-45bb-8425-ad188c5bc486",e6ca7711-a53a-4d89-bc28-487b9835c81a,f129b717-d6cc-4f01-bf2a-7e0ae342a050,false
"94c83c45-5a3f-4367-b7f4-e1c3423c6cc9",e6ca7711-a53a-4d89-bc28-487b9835c81a,c468b4e3-76a2-4d13-954a-42006eb302c5,false
"95a82afb-a5de-4728-b449-b5ed952aecdb",e6ca7711-a53a-4d89-bc28-487b9835c81a,"9bad236c-3469-4cec-9a54-cde8cc90bd52",false
"95e41d77-465b-47ab-869d-dc3327019caf",e6ca7711-a53a-4d89-bc28-487b9835c81a,af3da516-acd8-45ec-8652-770f92d6e20a,false
"98b01239-37a6-4c1b-ad2f-2902ee3bade4",e6ca7711-a53a-4d89-bc28-487b9835c81a,"066c5c26-3976-43f1-873f-c88306395ba7",false
"98b97fa9-0561-4935-8fa9-25eb77f4b1e3",e6ca7711-a53a-4d89-bc28-487b9835c81a,"195bd404-3169-4319-a74b-e31133a10b4e",false
"99277992-c282-4769-bd5e-b83d64590671",e6ca7711-a53a-4d89-bc28-487b9835c81a,"7db122ac-b197-4e85-a9e6-510ff3584fb3",false
"9e7fa184-b098-4a9f-9b21-0638884b0206",e6ca7711-a53a-4d89-bc28-487b9835c81a,"5e02cf8c-36bb-4f38-84a3-44baabd62d77",false
a046f294-e789-4b83-b93f-50e014cdd8d5,e6ca7711-a53a-4d89-bc28-487b9835c81a,"13fb991a-f1b3-49b6-bd5d-76cd0de09ac6",false
a31a7e88-677b-425d-8a62-9169ea1519c8,e6ca7711-a53a-4d89-bc28-487b9835c81a,c9d76bef-bc59-4cff-830a-cb388ab5796c,false
a4fac237-5824-4796-a277-c78ebbae16e1,e6ca7711-a53a-4d89-bc28-487b9835c81a,dba9eeb7-ba96-4efe-bb55-9db85f0fe37e,false
a5c0459f-dead-4653-ab09-b5b374ce40f3,e6ca7711-a53a-4d89-bc28-487b9835c81a,"3f9d10df-61c5-4fcc-b54e-6175a8285f7d",false
a67cf001-db20-45d5-9f92-df093ecd6d61,e6ca7711-a53a-4d89-bc28-487b9835c81a,"56170d77-1ca2-4dae-b54d-c899d17a456b",false
a68956f4-1474-4e02-9b23-d3fe1d0d884e,e6ca7711-a53a-4d89-bc28-487b9835c81a,fd1049a2-e890-4204-99fd-c889dda2bde6,false
aab7a82e-94b1-4ac5-a295-59e7a3bdf8b9,e6ca7711-a53a-4d89-bc28-487b9835c81a,"11f78247-861e-4ffc-b8fb-666185045a6c",false
ab50d588-6332-404a-96ec-400475c88c39,e6ca7711-a53a-4d89-bc28-487b9835c81a,"58609deb-15b9-40da-8b06-50dabecc1d59",false
abacf980-8828-4c40-90a8-c8fa2db5afa3,e6ca7711-a53a-4d89-bc28-487b9835c81a,b251c7f9-c3cc-4296-b6ea-0e0ad54990e7,false
abc6ad79-0fd9-4eb0-b520-2dda05bd7e5d,e6ca7711-a53a-4d89-bc28-487b9835c81a,"8f11e19d-6ad0-4d8d-bed7-89823311b42e",false
acd54889-5550-49d8-a825-32ba96e2bdad,e6ca7711-a53a-4d89-bc28-487b9835c81a,"11751027-4a30-4c80-9619-9bea58499322",false
ad1e4a5f-756e-4772-a919-5bae8c39befb,e6ca7711-a53a-4d89-bc28-487b9835c81a,a013dead-4d0b-46af-821d-567b446e20ba,false
adc3cba0-e23d-44a9-b7d5-8af3abadd231,e6ca7711-a53a-4d89-bc28-487b9835c81a,"7b6e6509-c120-45e5-b475-d03394b9d4a7",false
aef3f7fb-c05b-4fbf-93ed-59ce128521b8,e6ca7711-a53a-4d89-bc28-487b9835c81a,"51c17ca8-90b7-480b-982b-35ac20f09bdf",false
b04e1fb8-8153-425a-a052-e98cbe228d50,e6ca7711-a53a-4d89-bc28-487b9835c81a,"85081b38-dc85-459a-8fd7-9f582ad18767",false
b11c4a68-92ca-4f42-8b87-83c503d797b1,e6ca7711-a53a-4d89-bc28-487b9835c81a,"79e0a179-f214-4670-8066-09562c778765",false
b328de31-3511-4c41-9bcc-ec012ce5151b,e6ca7711-a53a-4d89-bc28-487b9835c81a,"3f409754-b928-4c00-ba65-5465d3274350",false
b3ff0f6c-0961-4fbf-955d-3fb8294d3de2,e6ca7711-a53a-4d89-bc28-487b9835c81a,cd6a71c4-cff1-4fe4-bada-c85292cd3554,false
b6c22ed0-9c15-43d0-856a-ecb566de1ee3,e6ca7711-a53a-4d89-bc28-487b9835c81a,f47ad0be-2b65-4884-bee1-e8700110d678,false
b86a6216-8da5-4f1a-aad1-698d0b0ff4b2,e6ca7711-a53a-4d89-bc28-487b9835c81a,a8458d4d-b003-4ef0-8063-8d858a05bf0c,false
ba087638-e17f-4fd9-85f4-f58351f5daab,e6ca7711-a53a-4d89-bc28-487b9835c81a,f0eb8be4-7e35-41ce-b712-07ea63021520,false
"2e58a6fe-5999-4088-a6c1-7663aefc2e5d",e6ca7711-a53a-4d89-bc28-487b9835c81a,"840c7a8b-8aea-4ad0-97bb-de49e3055217",true
bae93740-7eda-4e8e-94eb-34033f1fd9c9,e6ca7711-a53a-4d89-bc28-487b9835c81a,b397705d-a2af-4cf9-a0da-87a07eb697fe,false
bb2979de-f233-4e4c-9796-b8b3a9f40d01,e6ca7711-a53a-4d89-bc28-487b9835c81a,"5a4e5115-5f92-412f-8fc1-52dd01e3ed65",false
bd357949-1ee7-450b-ab36-bca1289b259f,e6ca7711-a53a-4d89-bc28-487b9835c81a,"6b653490-1f7d-46f5-9fee-601406b56d4b",false
bdb2c12c-4ec0-454d-a07a-cd00438028db,e6ca7711-a53a-4d89-bc28-487b9835c81a,"71d4dbd5-5e69-482a-b069-c3d4d6c4f4e9",false
bf9325b5-ca86-4a60-afa1-8394b50dce82,e6ca7711-a53a-4d89-bc28-487b9835c81a,d7fa762b-d9aa-412f-a970-78ea0e17f7de,false
c0552b17-5924-474b-a84a-23ebefc1ba8f,e6ca7711-a53a-4d89-bc28-487b9835c81a,"57a7a233-7373-40b3-95c6-fd2e3f2df685",false
c0c3c710-7008-4fce-937d-69b6b8026a02,e6ca7711-a53a-4d89-bc28-487b9835c81a,da27be83-050d-42fc-b2a8-c747d0fd6411,false
c241ada1-3de6-48b8-9a2b-100f7c709bbe,e6ca7711-a53a-4d89-bc28-487b9835c81a,"31077540-2a4f-4017-8936-709892a947ab",false
c4936fe6-d618-4c76-9c7f-fa77de716f71,e6ca7711-a53a-4d89-bc28-487b9835c81a,"691376b6-b2f0-4abe-ab1f-645be0c9f6d8",false
"1d4856ce-7830-4a71-ba43-44db26250833",e6ca7711-a53a-4d89-bc28-487b9835c81a,"673c312c-530c-4299-94f0-273ec6e87a69",true
"1d807841-14a0-4b0b-b643-2dbe8ec89714",e6ca7711-a53a-4d89-bc28-487b9835c81a,"3ed8d1ba-4467-4550-9af3-6a8f476e9623",true
"1e9d0db0-a267-42f1-91f7-f8dba8f25e99",e6ca7711-a53a-4d89-bc28-487b9835c81a,"2bee7cac-d074-48d1-aecf-f10ae724e02d",true
"1ea0e6f6-1ef5-4e69-af63-f76c872b0d63",e6ca7711-a53a-4d89-bc28-487b9835c81a,"424b24fe-9602-4165-828f-916a23abeda6",true
c83f06f2-1cd6-4a40-9f58-b236e495c16a,e6ca7711-a53a-4d89-bc28-487b9835c81a,b5472b51-75a6-4a7f-9102-4dcc18a0c4a7,false
"1fc610ad-6852-4858-985d-9375992800eb",e6ca7711-a53a-4d89-bc28-487b9835c81a,"1149a9cb-7fcb-440b-984c-d1515cb34168",true
c8e014bf-1ff3-44f7-9fa0-946bdda8b82e,e6ca7711-a53a-4d89-bc28-487b9835c81a,d23aa291-5c05-4599-9520-6408ec5f9cc3,false
"21c6e840-c25d-48a7-b11b-784411106ca6",e6ca7711-a53a-4d89-bc28-487b9835c81a,"6c35d87b-df8c-4081-9391-2a8041ae8ea6",true
caa7a7ec-a082-4b85-a5c1-e89d6fdc820e,e6ca7711-a53a-4d89-bc28-487b9835c81a,"1906a854-78e4-47ca-89ee-63ac2fcf94ab",false
ce257ef7-0629-4ab5-bc0a-f775fb7ca938,e6ca7711-a53a-4d89-bc28-487b9835c81a,"3b04782d-32c3-47db-b85d-a5acb20b9ba2",false
cebc384f-9bf0-4e79-9554-b2e899e5678a,e6ca7711-a53a-4d89-bc28-487b9835c81a,c21c420f-6eb5-4d2b-a807-7a5f31787cba,false
d5ffd885-df77-417b-8cec-b60d22170f8c,e6ca7711-a53a-4d89-bc28-487b9835c81a,"07adbbf6-6128-4821-a04b-f229798d4f4e",false
d6a2b975-47b5-4a6c-b45b-d8fad2b52435,e6ca7711-a53a-4d89-bc28-487b9835c81a,e64a75a4-e13e-4976-a7c2-36ca27e41cf9,false
d71845c7-fbae-4bc2-9f32-a9e72b2a65ee,e6ca7711-a53a-4d89-bc28-487b9835c81a,"845ebf35-e281-4b55-9561-ab54e2e6cbeb",false
d734742d-33fd-4018-88b9-149c8c7708bb,e6ca7711-a53a-4d89-bc28-487b9835c81a,"7b1467e8-d4d6-4c69-91b4-7dd856f2858f",false
d8ecc10c-2684-4c95-9d36-2883215f2410,e6ca7711-a53a-4d89-bc28-487b9835c81a,a9cd5ac7-2b9e-45be-add2-d57b74b1fa27,false
d94d02a3-72d2-4ac6-9d0e-cf590735d77d,e6ca7711-a53a-4d89-bc28-487b9835c81a,f2f900f2-6b43-4316-8708-0650e2dd5e72,false
da1844fb-0851-453e-85a9-1d604342e163,e6ca7711-a53a-4d89-bc28-487b9835c81a,f832ac13-77bc-4f74-88ce-743c6bdb1663,false
da8f2b2a-f816-4fa3-9c43-fa32570f306d,e6ca7711-a53a-4d89-bc28-487b9835c81a,"9ac8eec2-7ccf-44ac-b800-f2aecadbc768",false
"1beab4dc-f0fc-4695-9375-7b2aadaac146",e6ca7711-a53a-4d89-bc28-487b9835c81a,c93dfad4-9146-469e-87a8-4a3c7c1fc877,true
"28085a2c-b506-4bc0-b738-ebb8be5efde6",e6ca7711-a53a-4d89-bc28-487b9835c81a,"001a6f8b-bbb7-416b-bd78-736e66e689ee",true
e21ec425-c888-4edd-85de-682d9c20c8cd,e6ca7711-a53a-4d89-bc28-487b9835c81a,d06b7344-b029-4735-9b98-9fd05a29ad17,false
e47aa697-e624-42f5-9fd1-d88e689adc26,e6ca7711-a53a-4d89-bc28-487b9835c81a,"2224414e-17b1-459b-95a4-9dd18e66ad40",false
"2a6f5481-bfd0-449b-88d1-2a0e1c442706",e6ca7711-a53a-4d89-bc28-487b9835c81a,"1bb7f0ee-0e66-4eb3-b399-2f86c7e66821",true
e719f891-c8ba-48ae-a33b-0e98a2afc94d,e6ca7711-a53a-4d89-bc28-487b9835c81a,b553b2f3-06e9-4612-913a-0972d92d4acd,false
"2ad5189b-eb8e-4b56-a1bf-e3e8554f04b2",e6ca7711-a53a-4d89-bc28-487b9835c81a,"442e3f92-c56b-4cf6-9505-aa853a1a9359",true
"2bc19f02-833f-4bd9-b75a-e8decc00ff22",e6ca7711-a53a-4d89-bc28-487b9835c81a,e430345c-8c09-4f27-8805-905db4ec318d,true
"2d9b16ca-7b7a-4570-b079-c484f0cc7df7",e6ca7711-a53a-4d89-bc28-487b9835c81a,"361d2302-49f5-477a-8c7e-b13334a59c9b",true
e8a35b02-d0c0-40c2-bb53-6e93411d120d,e6ca7711-a53a-4d89-bc28-487b9835c81a,b60ca51a-5554-46b6-9647-895c4c66b859,false
f00bbce6-8cd4-4a49-9df2-06a05d537b64,e6ca7711-a53a-4d89-bc28-487b9835c81a,f828384e-0851-4b4a-bd31-eb0bfb8c7dfa,false
f1650122-edf7-4d8e-8ee9-881668b7ba7c,e6ca7711-a53a-4d89-bc28-487b9835c81a,"9701a125-50bc-40fd-9c0c-c25236a6f991",false
f3f33648-23c5-4040-a92c-a42dcf4a7689,e6ca7711-a53a-4d89-bc28-487b9835c81a,edc4bbf9-eed7-4c4c-a09b-2f5c619fd4d0,false
f3f6ac43-912b-4032-87b4-a3e6ec3f5672,e6ca7711-a53a-4d89-bc28-487b9835c81a,"376c933b-79b3-43c8-8023-c28d9840a79e",false
f55ed99e-b5f5-4db1-8ebb-1b10f1e0b9ab,e6ca7711-a53a-4d89-bc28-487b9835c81a,c36c2e0f-daae-440d-89d5-6216131495f4,false
f7cdde3c-14b7-455a-81d7-4d09d05a8b59,e6ca7711-a53a-4d89-bc28-487b9835c81a,c1c199d3-6cc2-446d-b48f-3b79a122b30b,false
f7fec302-f2da-4d93-bbbd-0b21735d763c,e6ca7711-a53a-4d89-bc28-487b9835c81a,dd0b9fb2-24ca-4bdd-98d3-e8400a6d3adb,false
f8f43607-b1b1-4842-bd21-10d4cb823e8f,e6ca7711-a53a-4d89-bc28-487b9835c81a,"0cca7e85-d54f-454d-b2bd-01445e4f6f8c",false
f94d1383-7c95-431f-897c-c968468442c0,e6ca7711-a53a-4d89-bc28-487b9835c81a,e7fa9ae3-5b98-4134-b69c-3bc4da59e1ea,false
fbbc5f1c-1fe2-4355-858a-a0929816eae4,e6ca7711-a53a-4d89-bc28-487b9835c81a,ceae7009-7a3f-4342-bdfd-c4b4a4aac9b5,false
fef9d7bd-33ca-4f33-bef3-63656fe76231,e6ca7711-a53a-4d89-bc28-487b9835c81a,e0f5d9bc-c694-4ef2-bd6c-6e5f574798cc,false
fef9e7fb-169d-4668-bd39-051492e8398c,e6ca7711-a53a-4d89-bc28-487b9835c81a,"41a49cd2-063c-4c6f-bb02-79ff18da5cc8",false
ff0017b2-c334-48bc-86e9-2fec795d27ba,e6ca7711-a53a-4d89-bc28-487b9835c81a,"632fee7f-a4c9-48f1-99d9-e3be7df0ce23",false
ffbcfec0-81d4-4fc7-801d-9ae87957cecd,e6ca7711-a53a-4d89-bc28-487b9835c81a,"3292fa81-db9e-4932-898b-4818dba459d9",false
"01bd7f41-916a-4ed6-ae46-1ffa67f6c314",e6ca7711-a53a-4d89-bc28-487b9835c81a,"6514d9fc-9b71-4a44-a67b-630813a06fe9",true
"0a8c5708-b930-455d-b019-cb197f63316a",e6ca7711-a53a-4d89-bc28-487b9835c81a,"472ade9a-6888-4b19-8fb1-942482103fae",true
"10787081-65e7-489d-9de0-cf067534f1f3",e6ca7711-a53a-4d89-bc28-487b9835c81a,"51c9a8cb-bab4-495f-abd2-fb81fea4b3c1",true
"10852c10-8b0e-4882-98a5-52299fe1834d",e6ca7711-a53a-4d89-bc28-487b9835c81a,"4c941c3c-682a-4f30-ab1d-f6ffb912a0a3",true
"1738a8d7-76c8-4241-a982-81012fe0cde0",e6ca7711-a53a-4d89-bc28-487b9835c81a,"44ddffa7-0786-40e1-9636-e9c4164bfed7",true
"18c810d0-5be3-4e7c-afce-9015e596cff2",e6ca7711-a53a-4d89-bc28-487b9835c81a,e521d994-80d4-489e-85eb-d59d4fe0289a,true
"18f7c046-4388-430f-aa4a-333c8af91946",e6ca7711-a53a-4d89-bc28-487b9835c81a,"395f51e9-f00f-4d0b-9a86-45eaf60926a4",true
"19d73070-d543-48ea-b7c2-f1724ff76fce",e6ca7711-a53a-4d89-bc28-487b9835c81a,"3484c294-cca2-4f1f-8a93-7b6011ed5dd5",true
"1b65a200-82a6-487b-8fe7-dc5855b5fcaf",e6ca7711-a53a-4d89-bc28-487b9835c81a,c9cf0336-d314-495a-aa67-bd9be49d0b0d,true
"3340db94-45f7-4a16-aba4-f0fe0359b439",e6ca7711-a53a-4d89-bc28-487b9835c81a,d27234b3-0bbf-4de2-9424-d07f51d77512,true
"34bbcf53-ad9b-477a-bec7-d7deeb0bf9ee",e6ca7711-a53a-4d89-bc28-487b9835c81a,f9e19be7-8143-4b22-9dbb-c1619cd6d0b6,true
"35fcff0a-5483-4aed-97ae-807a83f4d6ab",e6ca7711-a53a-4d89-bc28-487b9835c81a,"578c0ddf-c3a1-460b-96a0-a1b4f11b690d",true
"3602853d-3d06-44df-b5cd-1d9dda4a03ff",e6ca7711-a53a-4d89-bc28-487b9835c81a,f5e56369-3f10-4da9-a870-30b174c7d082,true
"3a574c72-c201-4ff6-a06e-40085d24f6b7",e6ca7711-a53a-4d89-bc28-487b9835c81a,"8cd43226-bf65-4b2b-a6f4-a33af3b3f82f",true
"3ddf4485-465b-447f-81c3-d3a9ac7aac0e",e6ca7711-a53a-4d89-bc28-487b9835c81a,"3d79aaba-6536-45b1-aeca-322867ae6ef3",true
"3dff8c52-c852-4890-90da-e77d47daa7e2",e6ca7711-a53a-4d89-bc28-487b9835c81a,"12a59072-189b-4661-9ab2-7940855b30e4",true
"3fa55b84-9e54-4c7c-ab68-9e2434c5ece9",e6ca7711-a53a-4d89-bc28-487b9835c81a,c78e3943-bda4-4b3a-99c5-23546a4b41a2,true
"406753cb-b0cb-4040-8438-baa0c4acb766",e6ca7711-a53a-4d89-bc28-487b9835c81a,"2d79019d-99b5-4fde-a6df-323d65d332df",true
"440e3218-a984-4c32-a89b-fe06c2c88629",e6ca7711-a53a-4d89-bc28-487b9835c81a,e203949f-d77c-47aa-a224-ccaed67d6115,true
"4a43c31c-e503-4b59-ab4e-e3719b97bc86",e6ca7711-a53a-4d89-bc28-487b9835c81a,"1d1563ba-1449-4218-b826-0dd2b641308c",true
"4a5fe873-8a83-406a-a5d8-6292f9bb1d8c",e6ca7711-a53a-4d89-bc28-487b9835c81a,"56b081ed-9bd4-49ff-bbad-6b79e84c86ee",true
"4c122268-0b8b-4b26-a605-508b2b617e33",e6ca7711-a53a-4d89-bc28-487b9835c81a,c4cc11c3-7e20-48a7-9a37-82ea0d26f7db,true
"518366f6-0330-49f1-b87b-811f95741739",e6ca7711-a53a-4d89-bc28-487b9835c81a,"138b194a-11f6-4ae2-bf1c-4f1167d316f0",true
"51ae2bdc-fc62-4f50-af8d-bd403a09be64",e6ca7711-a53a-4d89-bc28-487b9835c81a,de192e1f-ce46-4d8e-a44c-40d4f876b5ca,true
"55743036-56ef-4d86-8670-77d1fde78395",e6ca7711-a53a-4d89-bc28-487b9835c81a,"0691a4d1-c93a-4f9c-b501-df36538f3a75",true
"5a7181e6-4846-4470-a07f-9c496b37cd91",e6ca7711-a53a-4d89-bc28-487b9835c81a,"56f09474-617f-4913-bd21-a7bdd381ac54",true
"5ba13d15-abf1-47dd-a00a-16c552d0677a",e6ca7711-a53a-4d89-bc28-487b9835c81a,"82b1c3b6-4cc8-48b7-9c86-6c53530a6a62",true
"5ea94e2b-fca2-42d9-b667-4685e0e12e9f",e6ca7711-a53a-4d89-bc28-487b9835c81a,fc60fb55-d34d-4773-b436-23f7a0f49d44,true
"5f50e7a9-64d0-4d1a-b4e5-b3731e650057",e6ca7711-a53a-4d89-bc28-487b9835c81a,a42362f4-fdee-4c4b-9672-87081f2e51c6,true
"635686cb-8a3a-402b-804b-da4abefbbb8c",e6ca7711-a53a-4d89-bc28-487b9835c81a,"04ffe94d-9000-44f3-8ec2-3c6e7d9702ed",true
"64ce29c6-c233-4788-bba8-f8f16c5068bd",e6ca7711-a53a-4d89-bc28-487b9835c81a,"33c0fbea-e00c-4a7b-9e05-5997b349defd",true
"65a4fc76-7b28-42ec-b43c-779b1710356e",e6ca7711-a53a-4d89-bc28-487b9835c81a,"455f7640-e28b-40d8-99c9-4de1b893a551",true
"65c10741-ba6a-4207-ac5f-bfd1d2c922ab",e6ca7711-a53a-4d89-bc28-487b9835c81a,"5de6d189-b3b9-4b4c-a578-80cfd9b8f8da",true
"6bf6524a-7275-48b4-a751-3360320c8235",e6ca7711-a53a-4d89-bc28-487b9835c81a,efa4d67a-dad2-4279-9255-6f56a2e52bba,true
"71924af0-fcd2-401e-be83-91e086997ecd",e6ca7711-a53a-4d89-bc28-487b9835c81a,c1e9a367-1ffd-426b-81d8-bafe1a92c54c,true
"72f16ed9-7d78-4e8c-9a6d-6f296f7dece7",e6ca7711-a53a-4d89-bc28-487b9835c81a,d34025a2-0bbe-43f4-9536-6a9ea261b118,true
"76db5b67-0afe-4875-9104-fd0d9241147e",e6ca7711-a53a-4d89-bc28-487b9835c81a,"667db7b8-3cb3-4b10-bf67-b0303ada3386",true
"7aa6d2a2-dddf-4f7b-9d24-c2ee1f3d0cf2",e6ca7711-a53a-4d89-bc28-487b9835c81a,"12fd4f6c-45f8-4e52-a8fa-4ec719f39dd1",true
"7f320213-f891-49e4-aa47-9c5afda174c6",e6ca7711-a53a-4d89-bc28-487b9835c81a,"45a94bff-fb4f-41bf-a016-e9db81b4bb0c",true
"7ffb1b65-b790-4a75-a687-8193e1afab96",e6ca7711-a53a-4d89-bc28-487b9835c81a,"59bc3275-ada7-44c7-b2ae-3111b67c16ca",true
"824101c6-e21b-4964-91ec-cacef3b71956",e6ca7711-a53a-4d89-bc28-487b9835c81a,df65e337-558d-4bb9-b01b-a3a72bc7c64d,true
"846c8523-68c6-409f-8415-b4511567adb6",e6ca7711-a53a-4d89-bc28-487b9835c81a,a40904bf-405f-459e-8862-38f7b6ac76e6,true
"867c7f5d-ed72-42d9-8a47-7c3d52f7b593",e6ca7711-a53a-4d89-bc28-487b9835c81a,"14fb8132-a3cb-48f7-8ed4-efe6f8c2f295",true
"87aab413-6f29-4c43-9642-9226b84ddee5",e6ca7711-a53a-4d89-bc28-487b9835c81a,"2f4738ab-f1fd-432c-a38d-c121e937a1a6",true
"895e3bb4-4bce-46a6-9c46-d1d355ab09e8",e6ca7711-a53a-4d89-bc28-487b9835c81a,"156fdc9a-9c0d-4dde-802f-c0e310335532",true
"8a24f6f0-594b-4d94-a3b5-a1d84c808983",e6ca7711-a53a-4d89-bc28-487b9835c81a,dfc0916f-77c8-45d7-9eee-d9ec4290bf47,true
"8ad518c0-b759-419e-8566-019e4eb5f57a",e6ca7711-a53a-4d89-bc28-487b9835c81a,"3f4a4f76-c6df-4208-8eb2-0a2b9db73758",true
"8cb1705a-1cbc-4cf1-9130-875e260b9a75",e6ca7711-a53a-4d89-bc28-487b9835c81a,"08791987-f9bf-4010-97cb-6a3d8f3ca5c6",true
"8e59cbc2-7452-463e-974c-c993a9aaa18c",e6ca7711-a53a-4d89-bc28-487b9835c81a,e1fcecf5-5409-4b63-8df6-3ede5cad9da5,true
"8ef156e9-783d-4de4-b3e6-705d91be9890",e6ca7711-a53a-4d89-bc28-487b9835c81a,"2aa64cae-af55-4442-8a36-878666998d16",true
"949ddf2d-300f-4770-9aed-b139e79d6ede",e6ca7711-a53a-4d89-bc28-487b9835c81a,"5efed944-a210-42ac-a598-f91623f3d550",true
"959d838c-d5a9-404d-8e67-20a141c53ff0",e6ca7711-a53a-4d89-bc28-487b9835c81a,"240c0902-20be-4237-b011-523ea7c43936",true
"9633be2a-5db0-4834-a84a-ede037714863",e6ca7711-a53a-4d89-bc28-487b9835c81a,"15426312-3c37-44c8-b2c3-4ffcfa33ee9b",true
"981d923b-9e3a-4951-81fb-e2ab81b8a3f4",e6ca7711-a53a-4d89-bc28-487b9835c81a,e4104aab-14a3-4b97-98d7-082aa330e68e,true
"98673885-8c75-4528-8e00-b45614fd2bc4",e6ca7711-a53a-4d89-bc28-487b9835c81a,"09ddab98-f774-411f-9f11-53fbbd451a04",true
"99b3f701-ffe6-4a44-a6c7-230db3bf855d",e6ca7711-a53a-4d89-bc28-487b9835c81a,"625f2707-df83-4dc6-8d90-890aaa8213be",true
"9b4cec70-1360-4b3a-8658-30d855cb8bfc",e6ca7711-a53a-4d89-bc28-487b9835c81a,"3d58a32b-8ab5-4112-8fbc-a0d27f806ba1",true
a0352472-c409-40de-91df-5970c5df5f31,e6ca7711-a53a-4d89-bc28-487b9835c81a,"57807d47-97ab-4bcf-a326-e3d6a78cde8b",true
a4d1b0e5-8cd8-4a23-9453-520e155d1aee,e6ca7711-a53a-4d89-bc28-487b9835c81a,"9f6f0b37-6c36-4ec6-b217-9ce89f5b7a53",true
a78f51f7-9dd1-421a-b26f-5e5cdb50bc9e,e6ca7711-a53a-4d89-bc28-487b9835c81a,b8a55ea3-cb9c-4ea9-af8b-ee2062f9b38f,true
a8ccce0e-0371-48a0-867a-4343acca7e90,e6ca7711-a53a-4d89-bc28-487b9835c81a,"52641fef-639c-4680-81b0-00a4de14af87",true
aa8ee5e1-180d-49f2-bfa0-8fefeac9a567,e6ca7711-a53a-4d89-bc28-487b9835c81a,"18032d79-21be-476a-ab7f-7ecbdfb19ffc",true
ab675eb2-8473-4e71-ae02-2eac4bc28580,e6ca7711-a53a-4d89-bc28-487b9835c81a,e290287f-9735-4802-8d62-50b6caf9b8b1,true
ae0b7756-fc41-4ebd-bec6-5fbf2c6ce417,e6ca7711-a53a-4d89-bc28-487b9835c81a,"000b2ac2-11b9-453e-a6cc-57cf4a777953",true
aeff944a-4fd8-481a-b7d0-78fe3f01b867,e6ca7711-a53a-4d89-bc28-487b9835c81a,"90037954-0b64-4619-aa32-9d41b70b14e2",true
b11e3bc5-625d-48e5-a840-3e4d4d96745d,e6ca7711-a53a-4d89-bc28-487b9835c81a,fc36abaf-6d76-4a6b-83a7-36edfe68b8e9,true
b2457a58-225b-491a-a479-fb5b7f96c3cd,e6ca7711-a53a-4d89-bc28-487b9835c81a,"9e7a957d-a5bd-434c-a5a1-3881384049fd",true
b9dfdc73-a78d-42d6-b7ca-ceec9d21875f,e6ca7711-a53a-4d89-bc28-487b9835c81a,"1744cd71-2347-4cc2-a8c7-01bdd8f9c85d",true
b9f4de5e-1b7b-437c-843a-e5e40d295000,e6ca7711-a53a-4d89-bc28-487b9835c81a,"1e5d9c8b-52e4-4dee-b844-b114e90da6b0",true
ba0eddfe-a760-4c84-87cc-0118836c729f,e6ca7711-a53a-4d89-bc28-487b9835c81a,fb2b4e5e-979d-44ca-b4a4-7ae4ba117402,true
ba4834a8-27e4-4b53-a20e-3ae0ef6124a5,e6ca7711-a53a-4d89-bc28-487b9835c81a,d09acde6-9e42-4777-a80e-b0e9bd5b588a,true
ba5f4b4f-0b57-49b8-970b-da7ac88e2e4f,e6ca7711-a53a-4d89-bc28-487b9835c81a,"0c399d10-d746-4c16-bc61-5f809bcf54a4",true
bc46db79-3972-42f4-8215-4f47501277e3,e6ca7711-a53a-4d89-bc28-487b9835c81a,ba4f99b2-1630-4e11-ad5f-dc43800be37d,true
be4f00c1-d7df-43aa-a75e-72819c1c9a04,e6ca7711-a53a-4d89-bc28-487b9835c81a,"6b4533d8-5d42-4c76-90e5-3b1523eca76d",true
be7ba3a8-361e-4260-8edb-d82de1ca8d66,e6ca7711-a53a-4d89-bc28-487b9835c81a,a33771f7-1288-44ba-9a1e-720b2a7fd45e,true
bf7d37db-5dcb-4bd9-ab29-32ab290fc11c,e6ca7711-a53a-4d89-bc28-487b9835c81a,"55dfc294-880d-442a-a8b6-ce253418c279",true
c49e6e30-bacd-48c0-b9fe-98201e36767d,e6ca7711-a53a-4d89-bc28-487b9835c81a,e45f0f99-b1fe-4d10-b888-59aca20f3c62,true
c4e9645d-5c77-4d37-aaa6-0928b9b83014,e6ca7711-a53a-4d89-bc28-487b9835c81a,"28814d86-85cd-46f8-8a57-12fac12c8bb7",true
c5f98975-23d6-4e4d-8d5e-bedf2783f624,e6ca7711-a53a-4d89-bc28-487b9835c81a,"496f08f8-be2b-40cb-a23b-718db6731049",true
c73a7451-4ef1-4a5e-8f70-37a505cde69c,e6ca7711-a53a-4d89-bc28-487b9835c81a,"24a35194-530e-4c47-9360-7e22ee7d1d32",true
c85873c8-0148-4fa8-af66-7688b666ca25,e6ca7711-a53a-4d89-bc28-487b9835c81a,b0b83828-d701-4b0f-be43-56c8f4aad9c2,true
c8e257b2-3cdc-4948-b360-3375c2c1d315,e6ca7711-a53a-4d89-bc28-487b9835c81a,c28e6981-2630-44ee-a824-9125bfd2d547,true
c975d876-e820-4118-b93f-b2d2d7025644,e6ca7711-a53a-4d89-bc28-487b9835c81a,"07dcda17-8427-420c-8618-284bfb3e8f78",true
caa587a9-374d-4b89-90af-c6a1da148cad,e6ca7711-a53a-4d89-bc28-487b9835c81a,"99a53751-7991-4be9-934b-889a5a9ac3a6",true
cb9d9a7e-1b5a-4b72-aa29-c0c20ada0a82,e6ca7711-a53a-4d89-bc28-487b9835c81a,"9d319771-c7e9-4f3c-a673-5096788f8ea7",true
cbd1e850-2b58-4049-9fef-302f52f3bdcb,e6ca7711-a53a-4d89-bc28-487b9835c81a,a6b116c8-22f4-4e7b-84f5-e5e3cf288d76,true
cd719246-628e-48c6-bd5d-cec2c23840fe,e6ca7711-a53a-4d89-bc28-487b9835c81a,e4fef4e3-5cb1-42d4-8520-01dc0dcec336,true
cf22b394-132c-4116-8353-0006b0767fec,e6ca7711-a53a-4d89-bc28-487b9835c81a,"25373666-3c6e-4b0b-9c4c-89672f97755f",true
d789ed40-5c79-4bcb-8609-18acf8031926,e6ca7711-a53a-4d89-bc28-487b9835c81a,"7447719c-bfc0-4ac4-b25f-58bb1c00d0db",true
db85155d-b1b8-4195-9802-12e53c04d549,e6ca7711-a53a-4d89-bc28-487b9835c81a,"611905ca-9efc-412c-b119-8e89e3a3b4b9",true
dfc80d55-6688-403b-bd88-81a62130a985,e6ca7711-a53a-4d89-bc28-487b9835c81a,e8c21380-e154-4232-9d22-20cf6f185335,true
e6796d6a-bb11-4c2e-a836-a3a1efb5cecd,e6ca7711-a53a-4d89-bc28-487b9835c81a,"2dc2e683-3b54-4ff9-ac45-e81e5c01841e",true
e7956c0c-b24f-4e59-87f0-1cf1a59dc76c,e6ca7711-a53a-4d89-bc28-487b9835c81a,c4f368dc-e5e3-441b-9d72-68e81ffc1859,true
e83dbc1b-4043-4545-8dd2-1454b154ebf1,e6ca7711-a53a-4d89-bc28-487b9835c81a,"79435e78-a875-4a38-8ab1-d1c3f932d402",true
e888fd5d-7b9b-4b38-a77d-72575807feb1,e6ca7711-a53a-4d89-bc28-487b9835c81a,cf8ee898-2137-4eeb-973d-dc438c974cd8,true
eb9ba921-8ce5-444f-af39-778f1df5bbdf,e6ca7711-a53a-4d89-bc28-487b9835c81a,"08d730a6-b7ff-4ff0-96d2-c0a852c7f2f1",true
edd66166-6c64-45d8-a4bc-878b196ecccf,e6ca7711-a53a-4d89-bc28-487b9835c81a,"691c7ec5-df54-4ec8-9d53-e0ec653c3e1d",true
ee631932-1cc3-497b-8cc0-33fc6fc3be69,e6ca7711-a53a-4d89-bc28-487b9835c81a,"15896cac-6a23-4aab-a3de-6784bd5b0ae3",true
ef0fd0df-58a5-47a1-98f2-a4d1ea0b02c3,e6ca7711-a53a-4d89-bc28-487b9835c81a,ed36e424-67dc-4720-9ff9-77810834178e,true
f718b936-c5d1-4dfa-9f52-9673b16393cf,e6ca7711-a53a-4d89-bc28-487b9835c81a,caced3bd-2365-4033-a421-9e884c7f4353,true
fabfdb0f-fae7-433f-91dc-7ea1c0ceb25c,e6ca7711-a53a-4d89-bc28-487b9835c81a,c3512986-7285-4c8a-99d2-820ef3de92c8,true
fae70594-e33c-4d63-9e4b-ae295b5d2027,e6ca7711-a53a-4d89-bc28-487b9835c81a,dcec6d88-1d26-413b-a80d-7b0e5dea1f47,true
fb84678e-0106-4a9f-8d14-2635c08522d6,e6ca7711-a53a-4d89-bc28-487b9835c81a,"91015590-2925-4761-90ca-a35e0e436553",true
fd326d1f-11b0-4620-8673-044260dc895a,e6ca7711-a53a-4d89-bc28-487b9835c81a,d621006e-4a5f-4fad-b757-b7d10ac2c0e0,true
"32239ce1-1341-4165-8f53-ec77a3db7616",e6ca7711-a53a-4d89-bc28-487b9835c81a,"22e0175e-1779-4330-846f-0f715dfb560d",true
fe85930f-d460-4328-8b36-39d24624cf1e,e6ca7711-a53a-4d89-bc28-487b9835c81a,c18d358f-562e-42f3-8124-8349fd110240,true
