"Id","SeatId","SeasonalTicketId"
"01ec2ba3-0cb2-4e48-991b-2145c1882849","8a6ffffa-e900-48fe-a31f-dfed60357a1f","179b2f50-e7ae-4793-bcd3-82e34da35011"
"012142f7-36ed-452d-b26b-125e13c7bce2",ec492a03-911d-45a6-a687-e2001e238c4c,"179b2f50-e7ae-4793-bcd3-82e34da35011"
"0a8b7eb6-ce02-42c1-b939-455912d6077f","18c2e83b-456c-4f97-852a-9296f913373a","179b2f50-e7ae-4793-bcd3-82e34da35011"
"0b117ce6-3c85-402e-acc9-89f90f503444","03dda248-003d-4d9b-9e50-c8d4d84512bf","179b2f50-e7ae-4793-bcd3-82e34da35011"
"3d1a5f59-b41d-411d-8c68-2ff9bcdc1aee",cc859438-ef21-4dae-a081-b2d243aa8f5e,"179b2f50-e7ae-4793-bcd3-82e34da35011"
"42f211a4-febd-4086-88fe-ea6f9e94c446",c02a7e49-e564-4692-b748-5cf9ff1ca41d,"179b2f50-e7ae-4793-bcd3-82e34da35011"
"48e112b7-8d98-47a4-8d65-08c7fea06e95","3dc6a1c0-eb3c-4461-9251-6cbd24a686ba","179b2f50-e7ae-4793-bcd3-82e34da35011"
"4c65d9f0-8c4a-494c-b98b-eeb277020e7e","9a875176-cb94-428f-87fc-cb64c280e24a","179b2f50-e7ae-4793-bcd3-82e34da35011"
"4f4f41d3-72b4-472d-b12a-68c175a98dec","3dddfc0c-3566-4f43-b4b7-678a46142b77","179b2f50-e7ae-4793-bcd3-82e34da35011"
"52262720-f65e-4188-a611-c91bc1dca83b","986445b8-d92c-49d7-8747-9c76dd611706","179b2f50-e7ae-4793-bcd3-82e34da35011"
"523c2221-bfe7-4f7c-a4a5-37cb78ada522",d91549d7-1c6e-43c7-b235-fb991c8ea8de,"179b2f50-e7ae-4793-bcd3-82e34da35011"
"54ce9ac7-6bc8-4bc6-a4bb-62277c432b53","4d90c438-4d8a-4449-8a0c-d505e08fb719","179b2f50-e7ae-4793-bcd3-82e34da35011"
"5bfe5627-b60b-40dc-b137-f2268047c24e",daedee20-d0ec-4381-bac1-0ae345f5541c,"179b2f50-e7ae-4793-bcd3-82e34da35011"
"62ff0b1c-a873-41b7-adf8-9c3819334b98","9129ac65-2185-482c-9b75-72e44b2ff570","179b2f50-e7ae-4793-bcd3-82e34da35011"
"6969f4e7-e8b2-4325-b25b-0b411c3f0357","50e26f50-5ef8-4558-952f-9bfa48739d12","179b2f50-e7ae-4793-bcd3-82e34da35011"
"71594cf0-5a29-454d-9744-d4c01b6b4641","861fd054-4ad1-49f5-bc74-827861e4517b","179b2f50-e7ae-4793-bcd3-82e34da35011"
"74088e22-3241-43e3-bfb5-7c925a305d08","6c6d4494-7426-48f5-802f-bab946dda4fd","179b2f50-e7ae-4793-bcd3-82e34da35011"
"78c51e75-ed5b-436e-854f-85ca4accbbdd","8d3bd0a3-5cb3-46c2-882b-d43c31cfbb2b","179b2f50-e7ae-4793-bcd3-82e34da35011"
"843321bd-2dbf-4f00-bbbe-f5a081267191","608d1bec-63a7-4fce-9200-77e5e58e6cab","179b2f50-e7ae-4793-bcd3-82e34da35011"
"8f7952f7-1608-4056-91ba-ac7847090e2d","3e945a4c-0bc1-46da-b7d1-8ff26177f7a5","179b2f50-e7ae-4793-bcd3-82e34da35011"
"97506707-c2ed-4a93-b3be-bc41bfb038dc","501feda5-cc91-4419-b3ef-6fda55b9d9d7","179b2f50-e7ae-4793-bcd3-82e34da35011"
"9bcead64-80df-4029-992e-8249a76f03f5",eba941d0-3ef8-405a-abca-e8a98dd9a909,"179b2f50-e7ae-4793-bcd3-82e34da35011"
a81cc901-7fc9-4ea8-9783-61ca12bcb05a,cdb51158-9221-435f-8a10-6bd4301b4c19,"179b2f50-e7ae-4793-bcd3-82e34da35011"
b1e4be14-f149-4cee-a912-dd6628727b30,"6cb9b1bd-4941-499f-8b31-62ba8e21b86d","179b2f50-e7ae-4793-bcd3-82e34da35011"
b5c9556c-9388-44fc-8813-3d3d03970037,"53930bda-54a9-49e9-a74a-2f1462a6cb8f","179b2f50-e7ae-4793-bcd3-82e34da35011"
c353ca05-68e7-497e-98f2-7a8fecb7623c,"1625b99b-22aa-4974-a8c8-8728548c29ae","179b2f50-e7ae-4793-bcd3-82e34da35011"
c620859a-d991-4fd8-bf90-f7d8d983b2e2,"1085c5aa-c763-4744-8bc8-672cd166efa2","179b2f50-e7ae-4793-bcd3-82e34da35011"
cbb05892-6d6c-4210-9f53-d0a994da913d,"0b494ebf-a2f9-4a60-bb4a-f301d266d46a","179b2f50-e7ae-4793-bcd3-82e34da35011"
f69a9038-e479-459f-9331-b15108292eec,"6281395a-8cfc-4e5f-8b77-9cd3e1e0feda","179b2f50-e7ae-4793-bcd3-82e34da35011"
"01be9fd5-6d3a-4906-b34d-86b65c2d73a5","9b3eea5b-a860-42aa-81e5-027bace4c0a0","179b2f50-e7ae-4793-bcd3-82e34da35011"
"038ad4f4-edc7-41a4-bb81-4c05cfd69029","86e1930e-c224-4aea-9f6f-6c5302205761","179b2f50-e7ae-4793-bcd3-82e34da35011"
"1290f814-b249-4982-ab46-32e8dab2672e","8933cbde-c289-46b5-aacf-8bba7867984f","179b2f50-e7ae-4793-bcd3-82e34da35011"
"1778775a-ffd1-4c6c-8028-3483e110532e","7e226d31-f37c-4313-8dba-a6b8af3d4f24","179b2f50-e7ae-4793-bcd3-82e34da35011"
"1b1b2df4-960d-4778-ad7a-7dbc05b7ede0","21a5cb40-4c34-4cfd-a7fd-f73066ba66f8","179b2f50-e7ae-4793-bcd3-82e34da35011"
"28080f7a-4edb-416a-a3a2-ca219a191a4d","5110bc22-ebef-43f7-ae1f-6b76a967f741","179b2f50-e7ae-4793-bcd3-82e34da35011"
"3b12ee44-9ae1-4382-b8ba-faca132238a5","91a2cf48-578c-450e-8f8b-14b18947fed7","179b2f50-e7ae-4793-bcd3-82e34da35011"
"3ee8eabf-e5de-47c8-acf1-a168595b610c","1fcc21ee-2616-413d-9cf1-8e70b1ded5e9","179b2f50-e7ae-4793-bcd3-82e34da35011"
"47f5706c-1024-4f9c-9cd9-e76a903bc4ef","57a3a8a8-9ad3-4627-b43d-919a04a99647","179b2f50-e7ae-4793-bcd3-82e34da35011"
"51392407-b29f-443f-b254-9ca97a779931",cff64469-6326-40af-99df-0cbf4c78a359,"179b2f50-e7ae-4793-bcd3-82e34da35011"
"52fd922b-b01b-4338-9036-c9ccbc20d589","0e596b5f-742b-4b1f-825d-ebfa0bc0d7e2","179b2f50-e7ae-4793-bcd3-82e34da35011"
"668673f4-736d-4111-a5f8-6d9de49d490a","98afba69-5e29-47c1-b662-5380e630cc5a","179b2f50-e7ae-4793-bcd3-82e34da35011"
"6bdb784a-6ad3-4662-855f-f0d1f736de06","1cb25a3e-eb36-42e5-a33e-ed69f90315af","179b2f50-e7ae-4793-bcd3-82e34da35011"
"8d3d1a36-a7a7-46f6-92fe-2396369cbaa0","53839fd6-eabe-4aa9-bdbc-22bf396a4aea","179b2f50-e7ae-4793-bcd3-82e34da35011"
a136da7d-57b4-4199-83fb-ccb6f332d965,ded43392-c236-4709-a463-9756931cd90c,"179b2f50-e7ae-4793-bcd3-82e34da35011"
abd763ef-ddef-45ed-9f7c-eeddd956c7f6,"81c9bf5a-1fe4-4913-808b-eab42a5c95c5","179b2f50-e7ae-4793-bcd3-82e34da35011"
b12ffc3c-e926-4e2d-8807-8b3c3ca9618a,"2c3eb17d-e779-4093-9ed9-17b4aa132ddd","179b2f50-e7ae-4793-bcd3-82e34da35011"
b6db0913-9ef2-4407-8c10-a91699bf1556,"9d999d51-e121-479c-95a3-bf64336bfa8b","179b2f50-e7ae-4793-bcd3-82e34da35011"
b7d5a323-fb5e-4eaa-a86a-5f16160a290d,c628005c-47ea-4d86-8e82-0bd73721a265,"179b2f50-e7ae-4793-bcd3-82e34da35011"
c21e5c8a-7519-4036-a8e5-ca5471f7f55e,"987b1a97-c923-4968-a498-855666d1d585","179b2f50-e7ae-4793-bcd3-82e34da35011"
c83dbcd6-d203-4212-a3b9-e763c5db743a,"06fcd1cc-ae26-4ba3-a97a-8347b9cbd242","179b2f50-e7ae-4793-bcd3-82e34da35011"
d5123850-978f-4c12-9395-7e44ae37b050,"30f229af-c124-49eb-8e6f-2b5863b326a9","179b2f50-e7ae-4793-bcd3-82e34da35011"
d89d175b-109e-47a1-b237-ecf52f7926b0,"07416f3c-553c-4841-9875-ffa49ea2a99c","179b2f50-e7ae-4793-bcd3-82e34da35011"
e18882cf-d176-44e4-a8c0-d119a1c93659,"7f428ed5-6274-467a-9d09-b20bedbc10de","179b2f50-e7ae-4793-bcd3-82e34da35011"
eebfb516-4598-46e4-aaec-a4d69fc0fbdd,c044715a-3129-413d-a60f-9da523059c05,"179b2f50-e7ae-4793-bcd3-82e34da35011"
f0ae7c67-79fa-4675-9f1f-68a33797db88,f27c8c63-f1f3-45f3-9340-5af50d19664a,"179b2f50-e7ae-4793-bcd3-82e34da35011"
f27ba831-99e4-4f1d-8da5-2f0791e7d222,"595fc591-a3cf-4afe-ae4f-963abf2aa5d1","179b2f50-e7ae-4793-bcd3-82e34da35011"
f925ced2-c6c0-44fb-9c60-5053a20e15b3,ebc438a7-201c-4d26-ad6f-19f77dce4d3f,"179b2f50-e7ae-4793-bcd3-82e34da35011"
"02c1a719-f47a-4b4d-9e69-1330499104b5","24048b67-911c-403b-bbad-7a04142da5ea","179b2f50-e7ae-4793-bcd3-82e34da35011"
"0a2d02b4-8e4b-47a1-b393-f5dbc8f87772","38113d2e-0700-4e26-9e60-658faf92e665","179b2f50-e7ae-4793-bcd3-82e34da35011"
"0a3fc75f-fcfd-49b1-b2de-080914b982bc","51c1b06b-0b06-451f-b411-2addf86b01f3","179b2f50-e7ae-4793-bcd3-82e34da35011"
"0b16693e-f2b9-455e-ab44-af9edc0e9ce5","3de7cdaf-37fb-444d-8465-aee8a9845cbf","179b2f50-e7ae-4793-bcd3-82e34da35011"
"0ea770cb-c4fc-4827-bfbe-f5b747494606","362da607-53c4-44a5-bd4b-b9e16e079f6c","179b2f50-e7ae-4793-bcd3-82e34da35011"
"19965937-e570-4be6-b136-a4220e48f87a","61527a6a-beeb-415e-85f7-c712b2a590da","179b2f50-e7ae-4793-bcd3-82e34da35011"
"19c1fa10-5445-4f03-aa53-3b88a14d8311",ff4a8772-c4ae-49ab-88b8-6b6ef0087d37,"179b2f50-e7ae-4793-bcd3-82e34da35011"
"294dd868-9023-4f77-bf5a-5fda1b5da927","5adf3b7f-73d3-4df9-b63a-d68dbab1fbc7","179b2f50-e7ae-4793-bcd3-82e34da35011"
"2db51065-009e-4fca-9db5-1fea8c0aee6b","81779d7c-3a96-4d99-a4f9-001b8a2af959","179b2f50-e7ae-4793-bcd3-82e34da35011"
"496ce522-4f33-409d-8fd0-15c065059c61","8f134419-9d90-4423-ad9a-41464e301dc6","179b2f50-e7ae-4793-bcd3-82e34da35011"
"6fe0fbbd-721a-4eb4-917d-3ea36befda09",fef0790a-5f52-4fae-910a-4773aa8ac12c,"179b2f50-e7ae-4793-bcd3-82e34da35011"
"93ee157f-110e-4dee-a288-92b5621cc11f","4d6550c1-ea60-4e6a-b13d-479b26eeeb9e","179b2f50-e7ae-4793-bcd3-82e34da35011"
"9b683b04-099b-4c59-9362-2cde15e70cb9",e04d546d-4497-4751-9b5e-0d2a9e6d5663,"179b2f50-e7ae-4793-bcd3-82e34da35011"
ac983f54-9382-4df2-95e1-6367f3859adf,b5d6aaf2-50b0-4fb9-a1ab-bb80ae149bd1,"179b2f50-e7ae-4793-bcd3-82e34da35011"
bcab43b7-4e8c-402b-92d5-8ceae8854560,"0bb70e41-e000-40e7-aec9-1704d49f2aec","179b2f50-e7ae-4793-bcd3-82e34da35011"
ddb2e5cf-1ad3-4ed8-8ae5-7a6b2489df84,"5ad51869-7a04-428e-828f-80c7d00f9e25","179b2f50-e7ae-4793-bcd3-82e34da35011"
"24ad8a44-90b1-44dc-84dc-19be7150ac77","35bc7812-b6a6-406f-8d7f-674e26bf490e","179b2f50-e7ae-4793-bcd3-82e34da35011"
d53f863b-9b75-4ca9-8ff5-241350029140,fc320e95-e5ba-4d22-ac45-6740371576fb,"179b2f50-e7ae-4793-bcd3-82e34da35011"
"44b44f5c-9d9c-471b-956b-53105aa60a53",f3e42836-3184-44d5-8519-43b74a48f1f4,"179b2f50-e7ae-4793-bcd3-82e34da35011"
"0354a4c7-3748-4758-9f8c-c2e07bf0e344","1a544d53-8bf8-4709-94e6-0f273a5aef2e","179b2f50-e7ae-4793-bcd3-82e34da35011"
"035b7850-a4a1-473e-81cb-0c67081377ea",ac2e0f97-9e5d-4df3-acaf-c30842dd40e6,"179b2f50-e7ae-4793-bcd3-82e34da35011"
"10f79d4c-6b29-4dad-ab69-0c8159b025f9","4132fc7e-32b8-43ac-b0a3-fdc9d2a42727","179b2f50-e7ae-4793-bcd3-82e34da35011"
"173a11e1-cdbc-45a2-8dbb-b758788dc282",c6d7cf19-2c7c-4481-8fd4-7cba4082ca14,"179b2f50-e7ae-4793-bcd3-82e34da35011"
"182536dd-14d4-4485-8c5d-ca664bd2a10a","582296e1-085b-4659-b34c-ab045cd38e0a","179b2f50-e7ae-4793-bcd3-82e34da35011"
"242eeb25-8d6d-4b1e-ae67-8ce0eca8fa49","90d1b149-43ce-4d7d-a3c6-32cece3c5436","179b2f50-e7ae-4793-bcd3-82e34da35011"
"485e9d43-95b0-4cc5-b179-58dccf286e08","29cbd2df-f9af-4d27-bd0c-73012e72559e","179b2f50-e7ae-4793-bcd3-82e34da35011"
"4bbafa63-928d-4c9c-aa16-16dc91b12f03","306b182a-8ecc-4dc9-b971-55ef24eaf1a3","179b2f50-e7ae-4793-bcd3-82e34da35011"
"51f5cc46-0296-4fdf-ae1e-41b2db40cda5","17757b7c-1a82-4d51-b2bb-b8af607a6eed","179b2f50-e7ae-4793-bcd3-82e34da35011"
"53edac98-fcf5-4c37-813f-5c25c446197d","7e1eddf3-ae33-4e40-9371-be3f482f5b47","179b2f50-e7ae-4793-bcd3-82e34da35011"
"5643cd18-07f4-4ce8-864f-86d0ee2029a6",d91f66c2-50dc-4cc8-9759-bc140d06359c,"179b2f50-e7ae-4793-bcd3-82e34da35011"
"5bbc9f9f-e33a-4221-95ee-a937bd024c08",b38c836a-bf3a-445b-b81f-dfa885c4bc98,"179b2f50-e7ae-4793-bcd3-82e34da35011"
"76a9ac1a-e0aa-4dfe-9440-872d7bba9e4a","8db6748d-f59e-462a-91b6-caf405e7f1b3","179b2f50-e7ae-4793-bcd3-82e34da35011"
"790643aa-3314-4292-976a-acb55018e861","9aed2702-8863-4e39-abe4-f29a413ea15b","179b2f50-e7ae-4793-bcd3-82e34da35011"
"839c9be5-6c92-4f7d-b5d7-9d8a35e41c5b","444cbaf5-3293-41ba-af69-add292b5593a","179b2f50-e7ae-4793-bcd3-82e34da35011"
"9f6fdb14-11b5-4c7e-b615-954a93c94ad0","1ad90143-9595-48cb-97b9-c764463c729e","179b2f50-e7ae-4793-bcd3-82e34da35011"
"9f8818bb-9314-471a-8cbe-7a78b1bdb190",c0c7f7bb-054e-4466-94f3-a7ee630eeeda,"179b2f50-e7ae-4793-bcd3-82e34da35011"
af7ce502-07af-4438-8bd6-6abdc113a046,"1ebbfc50-3ff6-415a-a5ba-de3fd7202645","179b2f50-e7ae-4793-bcd3-82e34da35011"
b9db888b-4606-4d59-bb94-ee80378d73e9,"598b3ec3-eac8-4fe6-b0ef-2ee7e7fb046d","179b2f50-e7ae-4793-bcd3-82e34da35011"
c549c020-29b2-456f-8269-a0c38d859bee,"44ffc600-1b4c-4c18-a28d-f45882cadb48","179b2f50-e7ae-4793-bcd3-82e34da35011"
c78fcc22-c9f6-4aba-a0fa-9c280f856cf5,"4c006888-f62a-4188-8ec4-1e502abcbff3","179b2f50-e7ae-4793-bcd3-82e34da35011"
e0e976d2-46a3-4da1-864a-89b40e4e258b,"4f361031-abc8-4eb0-9316-cb1d809f9dff","179b2f50-e7ae-4793-bcd3-82e34da35011"
e976058c-df9a-4be6-8f87-342b9c0bee5b,"1fef5782-6295-46b3-bb33-ea055cf9ef6b","179b2f50-e7ae-4793-bcd3-82e34da35011"
fc3f3371-a042-44c1-b087-54a0b72a4fce,e0a480fc-ce56-429c-98a9-64e785e29737,"179b2f50-e7ae-4793-bcd3-82e34da35011"
"0569905e-61ff-4289-9694-6fd831900277",d730fbf3-a253-4ff1-9bcd-5ae8f3e6aac2,"179b2f50-e7ae-4793-bcd3-82e34da35011"
"0f89d0c9-d74b-4225-bf74-76b6e254efd8","902ab477-bd3c-4beb-b1ea-41a766347279","179b2f50-e7ae-4793-bcd3-82e34da35011"
"10e2159d-74d3-4afa-82b9-00ae789e35cd","4f8c801e-cecb-47ec-bd55-6da7c495d1f5","179b2f50-e7ae-4793-bcd3-82e34da35011"
"14096ae8-98f2-4c6d-872d-fb4f5c8a4463","5e167c5c-dd9f-45c7-b250-734883a1b902","179b2f50-e7ae-4793-bcd3-82e34da35011"
"19edede4-f1e5-474c-8794-44f43dc363fc","753254f3-baef-4e3b-b3bd-ed57f419a919","179b2f50-e7ae-4793-bcd3-82e34da35011"
"1a2325de-9b3d-45fb-bf03-43d8676bd59c","625c53fd-e1c4-47d9-9a10-74251b0b198b","179b2f50-e7ae-4793-bcd3-82e34da35011"
"1f7667f1-c64b-4246-a2c8-826dcb39229f","368a745b-3eaa-4807-97ec-4e2615177f92","179b2f50-e7ae-4793-bcd3-82e34da35011"
"2c1c2b90-5a6b-4485-ab2f-3a3523d84b0f","92802e3e-eae7-49d6-95de-c01f21a9b368","179b2f50-e7ae-4793-bcd3-82e34da35011"
"2f738017-9552-4f9a-87b2-ad064a6b22f9","0b76696d-a499-4537-a483-e8554d7f71d9","179b2f50-e7ae-4793-bcd3-82e34da35011"
"333ae5b3-8ebb-476f-b1d2-e8570a7ac521","0111afc3-ff2d-4b5e-86b9-fc5321914680","179b2f50-e7ae-4793-bcd3-82e34da35011"
"4ff2bd8d-5608-4d4d-8257-f1f45e616283","67fae26f-9507-4b72-b8d1-04c0196b4c2c","179b2f50-e7ae-4793-bcd3-82e34da35011"
"57e4b327-9247-48b0-beef-fb3e9abbf559","79d217c7-d393-4ad8-bc7b-dcc07a5ea1c2","179b2f50-e7ae-4793-bcd3-82e34da35011"
"5a3799e5-9352-4d29-8dac-d9e66f19bd5d",e4aeb729-7aa9-44b4-ad10-d5fb5617f58c,"179b2f50-e7ae-4793-bcd3-82e34da35011"
"5fcb9674-85e0-4ab6-9670-09c0b4cee114",b334e674-b553-4cb2-adb7-07f1ed30f2fb,"179b2f50-e7ae-4793-bcd3-82e34da35011"
"650ca272-8d42-406d-a32f-9b36c68ef7e8","43a7ace3-3de9-4475-96da-0ddb16febabe","179b2f50-e7ae-4793-bcd3-82e34da35011"
"6713d800-4d0a-48af-91d5-eabb5afc843a","9c8b26a6-c3a6-463f-9330-6b997c4bece8","179b2f50-e7ae-4793-bcd3-82e34da35011"
"6dafad5c-324d-4e4f-986a-92e73d149347","5003573b-42c0-41d5-9214-dd5f76b584ea","179b2f50-e7ae-4793-bcd3-82e34da35011"
"7580af4e-f3a6-4c66-b873-62e6d33e02a1","5e963f4a-f9df-4ca7-adc2-8bbc4c3513b0","179b2f50-e7ae-4793-bcd3-82e34da35011"
"76e39d93-3de4-4145-a4eb-1ee1c3028d76","9feb1bbd-d938-43c5-8ff4-33f30863f5e6","179b2f50-e7ae-4793-bcd3-82e34da35011"
"77a265ac-980c-4482-b1e4-b44c5e2fc8a5","3a8f8a51-33c5-4c47-96c1-1322ebd79c93","179b2f50-e7ae-4793-bcd3-82e34da35011"
"7c4526a9-a07d-4787-a975-6a274a516cd8","5bd68fa1-52b6-49cf-93ee-8dd382de3dfb","179b2f50-e7ae-4793-bcd3-82e34da35011"
"83575e57-85e4-437b-ab46-6a360da793f5","8f21a7d2-01ae-4cfe-a526-6364dc7a85de","179b2f50-e7ae-4793-bcd3-82e34da35011"
"90516371-6531-4708-846b-ec888c8c10ef",eb04672a-e057-4e08-99f5-bb02db907a9c,"179b2f50-e7ae-4793-bcd3-82e34da35011"
"9a1bbdd6-622e-4266-8ea0-8798c6e6a0db","8886d440-91ba-49f4-9d34-8b5c8ba4b94f","179b2f50-e7ae-4793-bcd3-82e34da35011"
a8e63733-5b1e-4a52-8bfe-c114958c7ddf,"9dd85af6-8e92-4868-98ce-7d0ada49d852","179b2f50-e7ae-4793-bcd3-82e34da35011"
aaff10f6-cc4a-4149-bbf7-50eb0e9d2451,ce9d75ab-a115-44c6-8e6b-0e0a8a6bf489,"179b2f50-e7ae-4793-bcd3-82e34da35011"
e81ad4ca-8806-4667-98fe-933f12628c77,fad7623b-159c-40aa-9a39-99deea45f962,"179b2f50-e7ae-4793-bcd3-82e34da35011"
f2b94632-da3f-4bd7-8d41-7a1952bd68f0,a4be4bea-d14d-487b-a650-32a80edd953a,"179b2f50-e7ae-4793-bcd3-82e34da35011"
f8367b1a-80ad-4adc-a995-c51a8ef3c80a,"2d98b01a-bb38-463a-8fb5-fb12d962f897","179b2f50-e7ae-4793-bcd3-82e34da35011"
"02c5284c-8d9d-491f-a10a-0477773b1220",b3149a26-f30d-48d7-9406-03c277bb5fd5,"179b2f50-e7ae-4793-bcd3-82e34da35011"
"09278a15-ff97-4641-bab9-f4d6fb08265a","3cc79a0e-92a4-4a79-aee4-012f7dadb88a","179b2f50-e7ae-4793-bcd3-82e34da35011"
"1851edc6-e445-4f81-a118-993e5e0b0efa","346e3ad1-bae4-466d-9119-c2756d8b4f75","179b2f50-e7ae-4793-bcd3-82e34da35011"
"1df27bce-85dd-4bc4-8716-a5cbaef38bdc",e02acf16-bff7-4a26-8f91-450045a64b35,"179b2f50-e7ae-4793-bcd3-82e34da35011"
"24419493-1db2-47f5-809d-7ad5f53b0816","2fae0b5c-1874-450a-bb8c-79f77db69fcc","179b2f50-e7ae-4793-bcd3-82e34da35011"
"2b7ccdc9-7d14-4588-a99a-c022802fd400","54ee0053-29ba-4c68-8cbe-abbfbe9a59fb","179b2f50-e7ae-4793-bcd3-82e34da35011"
"3180f0f6-d45d-4fb1-89af-fe2d073655de","18efdc7e-67d1-46b7-b334-8a646625dc44","179b2f50-e7ae-4793-bcd3-82e34da35011"
"3b6024a4-b5e8-45e7-8b9e-13e20b89bf54","44ac1b38-41d0-4326-91da-53fd722d9975","179b2f50-e7ae-4793-bcd3-82e34da35011"
"454b43eb-eac1-4605-874d-391be196ae04","88ba563d-a477-4b7a-8998-4790821fd362","179b2f50-e7ae-4793-bcd3-82e34da35011"
"55008a75-9e16-4c89-bc9e-3eba2f6725ec","5e064fe7-b6f8-4356-b013-f9c49cd52396","179b2f50-e7ae-4793-bcd3-82e34da35011"
"55c08c8c-79f5-45f0-8729-5596728125cd",f3ef75f2-3cce-42a1-9b0b-998b1ed99212,"179b2f50-e7ae-4793-bcd3-82e34da35011"
"62b9908c-e9dd-4527-8a7f-3ccb7eb607a1","3c0344bb-ff29-4523-96f0-8bb0a6c4ed7e","179b2f50-e7ae-4793-bcd3-82e34da35011"
"67914e13-4db3-4ec7-a6a6-70b09fa37814","27cbddcb-86d2-464d-9399-df9581563ed6","179b2f50-e7ae-4793-bcd3-82e34da35011"
"6b6d8e37-faa4-4d13-9433-2ddec427ace6","51caf67f-f752-474c-bb1e-74eea26ba993","179b2f50-e7ae-4793-bcd3-82e34da35011"
"7017260c-3688-40a4-9cbe-a1007b734683","51aef1c0-a896-476b-b867-10e5782cfb7c","179b2f50-e7ae-4793-bcd3-82e34da35011"
"758be277-a3a5-4cb4-962e-21439a3b8ff3","5c972a39-0b15-4fe9-b725-7d65b883b530","179b2f50-e7ae-4793-bcd3-82e34da35011"
"7e10d62e-0fb3-4f31-94bc-1a646f6567f7",e18640f3-df24-40bd-a337-976fa8b2ffbc,"179b2f50-e7ae-4793-bcd3-82e34da35011"
"89f79292-131a-448b-90fd-afb56bb1d756",d0a588df-98cb-49d9-8997-ed18e0017717,"179b2f50-e7ae-4793-bcd3-82e34da35011"
"982860f0-62cb-4c63-a7db-bd679390781b",a4457e82-8589-46f7-8f81-94f2608f3878,"179b2f50-e7ae-4793-bcd3-82e34da35011"
"9c383410-64fb-4b5e-b995-7e78bf7bb036","1b229d98-8e22-4193-9bfe-4f04603a9735","179b2f50-e7ae-4793-bcd3-82e34da35011"
a3f627a5-5d5f-4c8d-b5d6-9105f3b5f56f,"5feb50e6-e89f-4b45-8eb8-c331e00579bb","179b2f50-e7ae-4793-bcd3-82e34da35011"
a7c541b5-b060-4b3a-86f5-b164fbdcf868,"29729c46-87d3-4121-8338-6e8aa1e305c5","179b2f50-e7ae-4793-bcd3-82e34da35011"
acb3214b-ed2b-41df-8971-e1e102d37547,"7684fade-6aed-4720-ade5-dee7e58671ba","179b2f50-e7ae-4793-bcd3-82e34da35011"
c4c06eda-8884-4cf3-976b-124b7a799867,ddbcf7a2-423e-4d48-a172-c5eec4da5257,"179b2f50-e7ae-4793-bcd3-82e34da35011"
d1d5ba22-30de-4a64-82ef-0190bfcc60fc,"2144f813-2203-4364-aeeb-b16bf6945d6c","179b2f50-e7ae-4793-bcd3-82e34da35011"
e6199abd-20e3-49ff-944c-b70b2fee8d5b,"3ea4edcf-3e63-4fd8-8f9f-404b059b22b3","179b2f50-e7ae-4793-bcd3-82e34da35011"
ef8b690f-6ae7-4952-a31a-58c3349d586e,"0ed74143-9b75-465e-8764-e2b2b4e86743","179b2f50-e7ae-4793-bcd3-82e34da35011"
fcad1363-73dc-4cd3-9fbb-d21bdb0e97af,"5f207567-031e-464b-974a-bce405f4bf8e","179b2f50-e7ae-4793-bcd3-82e34da35011"
"02b76b51-66d4-492c-b562-82a7160a9da5","94a47c91-4637-48b7-b058-a132db53c199","179b2f50-e7ae-4793-bcd3-82e34da35011"
"04eb7500-1bad-48ce-850b-7d53fa61f9de","382f9f49-1c63-4950-9d48-c6c98872cd0a","179b2f50-e7ae-4793-bcd3-82e34da35011"
"0c23c12e-2dbd-41a0-96b7-9c4135758d41","4c310fac-016e-4e40-ba3b-c4eace739e2a","179b2f50-e7ae-4793-bcd3-82e34da35011"
"13875efc-bdc7-45b2-be52-53f4bfe9e48c","30ae850d-4814-420b-8009-3fa52a33174c","179b2f50-e7ae-4793-bcd3-82e34da35011"
"36c7b3ba-671b-46e0-8822-d98f16d44500",feb53196-1458-4944-9cd8-a65fa93cdd16,"179b2f50-e7ae-4793-bcd3-82e34da35011"
"3f2133ce-e297-410b-92ee-9e5e9e0ff27a","0a894a75-542d-435a-838c-db14c3a57659","179b2f50-e7ae-4793-bcd3-82e34da35011"
"4207c323-6f3d-42b9-9f72-ef1be227657b","70db0586-3a22-4cfb-838d-e2a04b280016","179b2f50-e7ae-4793-bcd3-82e34da35011"
"44ac20c0-beb2-429d-8169-c358867f79ec","99a618ce-1f6d-435a-a592-8b9c512a4442","179b2f50-e7ae-4793-bcd3-82e34da35011"
"46aebc53-ecd1-44e5-9549-f37dd89d8e7c","3a4a6f8b-8ac9-4274-802e-662e71b41374","179b2f50-e7ae-4793-bcd3-82e34da35011"
"5352faa1-5c5c-44f3-be11-8b09a12adb6a","9cc7ce83-041b-4450-8f3d-e362f34a42c4","179b2f50-e7ae-4793-bcd3-82e34da35011"
"5d7b2f88-7db8-4bd7-90db-2cb197f1e5cf",f18a9773-97d5-40e9-a8e7-d6b6786a06ae,"179b2f50-e7ae-4793-bcd3-82e34da35011"
"5e6f73fe-b8e9-4c01-8af7-8f78ed63934b","0262c480-71f4-456a-8395-26aef8e611c1","179b2f50-e7ae-4793-bcd3-82e34da35011"
"68962ff2-3a67-47b7-8268-d1871188ad3c","219bd376-b479-47f6-acc0-b85c5e068aed","179b2f50-e7ae-4793-bcd3-82e34da35011"
"6ae8262a-d3ed-4b1b-83ac-fde745e5834a",fb3684e5-3e4e-4b3c-9c16-6a68b6f33691,"179b2f50-e7ae-4793-bcd3-82e34da35011"
"792d7ff8-7b02-4c33-9bb1-b620b568aa8e","63099df3-07ce-431f-8288-03827021e5a8","179b2f50-e7ae-4793-bcd3-82e34da35011"
a1c1e7ec-b1de-434b-a2cd-a117e5f2b17a,"528e6c15-d919-4f3f-b112-f96eefa1db5c","179b2f50-e7ae-4793-bcd3-82e34da35011"
a8bd0de3-9b9c-4259-82d5-a5c13d269faf,f874b9e9-de6d-4f97-84d8-e138fc9e3828,"179b2f50-e7ae-4793-bcd3-82e34da35011"
ad18e40e-5f60-4171-937c-ec43ee8058c5,"016a1120-18e7-4d30-848d-9ce6d10d59c8","179b2f50-e7ae-4793-bcd3-82e34da35011"
b2e65371-9676-4737-b7f1-bf0c26fba91d,"38abea6b-cafc-4659-97d3-c6e44893a814","179b2f50-e7ae-4793-bcd3-82e34da35011"
b9fa4344-0f04-4bf5-b979-a0dc60804385,"514a255f-497f-43ff-b02f-2602f1f186ed","179b2f50-e7ae-4793-bcd3-82e34da35011"
cf8312f4-87fd-4fc6-894b-640f9f0b6ce8,"92f49d86-e39f-4ef9-93bc-35b30e3d820b","179b2f50-e7ae-4793-bcd3-82e34da35011"
d5b7d0c8-3ef4-43fc-ab44-fc2de93580e6,da0a90aa-957c-45f9-8d07-c42ae57559df,"179b2f50-e7ae-4793-bcd3-82e34da35011"
d6d42b89-4cb5-4d5a-ba99-a9c33578e7ff,"05892aea-b473-418d-965b-fb44f82e284e","179b2f50-e7ae-4793-bcd3-82e34da35011"
dd12a169-3020-447c-9bfa-c521d2d291fb,"580d4eef-0a56-47c4-8829-c50f49f55f03","179b2f50-e7ae-4793-bcd3-82e34da35011"
de5040ab-7627-4ba3-a886-eb6c443857bf,"5aca9154-2dd5-41c7-8cf8-5130f5ee76ff","179b2f50-e7ae-4793-bcd3-82e34da35011"
e44155d8-ec61-477a-828f-1fe5646efd2b,"869308db-bc1d-4275-89b4-b78a1b8afa79","179b2f50-e7ae-4793-bcd3-82e34da35011"
e9182291-b08d-4993-82fb-fe2df74d9e29,"99bfa85e-30e5-44a7-bdc5-e0fccabf776a","179b2f50-e7ae-4793-bcd3-82e34da35011"
f152055f-1ad8-433a-af44-bee5f7f774d3,"48d0a2d6-42b6-4cf8-a51e-9084c1179e7e","179b2f50-e7ae-4793-bcd3-82e34da35011"
fae2cc45-b970-487a-99fb-d23e489a9233,df558533-e445-49b0-a056-c1baf16d3f1d,"179b2f50-e7ae-4793-bcd3-82e34da35011"
"13f2532a-881e-4b53-ab3b-9c8a0163b746","375530a7-552e-4809-8d75-d907b482ee75","179b2f50-e7ae-4793-bcd3-82e34da35011"
"28bba6a1-359d-47e0-a298-e6752598c9a2",ec007720-ace1-498a-af94-40fbcc8586c1,"179b2f50-e7ae-4793-bcd3-82e34da35011"
"30fe29b0-bdc6-4d78-9284-397ad22242d0",ea071600-791e-4987-b9ae-b4c38df9b211,"179b2f50-e7ae-4793-bcd3-82e34da35011"
"32011861-97ce-4f3b-979d-e5d4a9b86802","8c207e43-4663-4ffb-b948-aefed16d710b","179b2f50-e7ae-4793-bcd3-82e34da35011"
"3270b824-5cb6-4701-b7bf-c2d0a0499600",db7735fd-9384-432e-bc12-071a8fcef609,"179b2f50-e7ae-4793-bcd3-82e34da35011"
"376c923f-ec20-40ec-bba3-72b481848822","77de2a3a-fb73-4a76-9d77-b2d2069c6fa3","179b2f50-e7ae-4793-bcd3-82e34da35011"
"44d4af66-d64b-43de-893b-835f0956e6c4","54e73fc5-1d8c-4918-b247-2142123b28b6","179b2f50-e7ae-4793-bcd3-82e34da35011"
"4ad0fcd2-28ad-44b7-81d0-cd8b1bb62fa9",e71fcc4e-0a05-47bc-83e9-ef8d72885f44,"179b2f50-e7ae-4793-bcd3-82e34da35011"
"52ce848a-84ec-4f8f-9596-1c2664c5facb","2f17b1ef-32cf-4e82-ac82-61175dee8dbc","179b2f50-e7ae-4793-bcd3-82e34da35011"
"55bef23d-aff0-425d-acdb-077dfd7e5c13","2264a20f-f801-4fe7-be4d-5da73cdf7294","179b2f50-e7ae-4793-bcd3-82e34da35011"
"58c6cec5-2636-4d58-b50a-07196048b300","72d1da1c-cc3b-4ca6-b811-a624c6da82d0","179b2f50-e7ae-4793-bcd3-82e34da35011"
"5fa86ce9-cc6e-4c16-9154-9dd21379607f","429407e0-34ce-4f30-9f02-22473a03c99e","179b2f50-e7ae-4793-bcd3-82e34da35011"
"6afea6a2-4ed4-4e4c-a48f-f44347e6d634","5fecb097-8a71-4aa8-b98a-d85944f665a0","179b2f50-e7ae-4793-bcd3-82e34da35011"
"726eac8b-c917-4623-8e8d-40fb6f3a4bc1","4fda71b6-c57a-454d-a09a-49c7fdc8fc7a","179b2f50-e7ae-4793-bcd3-82e34da35011"
"7ea032a3-476c-4952-a680-e18a2b3f5a52","066c2748-a349-4f6e-9603-96100e2d99e4","179b2f50-e7ae-4793-bcd3-82e34da35011"
"8cea8d97-1f17-479d-9d88-fc61d19768af","9c827f15-38fa-45b4-9e4b-aaa3643f0937","179b2f50-e7ae-4793-bcd3-82e34da35011"
"8d8fcc22-9693-4872-bc93-64a8296ce0e5",b945015a-80ca-45d3-8894-f76b6a20b8a8,"179b2f50-e7ae-4793-bcd3-82e34da35011"
a86713f7-6f55-4893-becf-b1a1b075a6f4,"66283c45-48d5-4b07-b0cc-b0c20c1325aa","179b2f50-e7ae-4793-bcd3-82e34da35011"
b8f09e5a-899d-41cf-9c37-4a4ebd3d733c,"9e9f3033-9e9d-441a-8152-9f7611338d5a","179b2f50-e7ae-4793-bcd3-82e34da35011"
d2ec3ce8-0128-42f0-b3d9-0cb4c7617178,b4cd57bf-f764-4a2d-9428-07c8ec7b06b1,"179b2f50-e7ae-4793-bcd3-82e34da35011"
d5e4bc5a-aef7-4234-bb8e-b37defd30538,"1778b4fd-aeba-4ce3-b7a2-c9adbcb13b46","179b2f50-e7ae-4793-bcd3-82e34da35011"
e0c10a82-a094-40d0-9335-dfa77f010462,"2c27ebca-879c-4209-8f54-4c32da910367","179b2f50-e7ae-4793-bcd3-82e34da35011"
e3bffd92-6d13-43ee-abee-68641f3bc113,"7439b725-1851-4bbb-9672-23ef519d4d95","179b2f50-e7ae-4793-bcd3-82e34da35011"
e5463638-1db9-4b50-b9f4-86e255f9aef3,"0dd402c1-36e1-4222-a644-97ee788f1a8a","179b2f50-e7ae-4793-bcd3-82e34da35011"
ec80c42d-fc4a-4c44-b3d1-849346ea1f5a,"1f456d99-6185-41b1-9a2d-00d4ff3a3e8e","179b2f50-e7ae-4793-bcd3-82e34da35011"
f7834759-104d-4f43-80e3-5e411eaad43c,"18a2b425-0d56-4076-b8a5-7e3a91804ccd","179b2f50-e7ae-4793-bcd3-82e34da35011"
fd25cd55-0093-482b-821b-46057cd66dbe,"7ff740e5-e759-49c6-b154-daf93af8dbda","179b2f50-e7ae-4793-bcd3-82e34da35011"
"7a60b907-9d71-4745-a187-cbd78efb7305",fd60f832-420d-42e8-a672-85b81e979599,"179b2f50-e7ae-4793-bcd3-82e34da35011"
"013795b6-7883-4523-9ab4-7051e77a3fa6","368e1210-a20c-42f8-8afd-db636c816e15","179b2f50-e7ae-4793-bcd3-82e34da35011"
"02afb727-3499-40ce-863f-50587bfe2303","00603475-be1c-4327-abc7-f70ceba17f52","179b2f50-e7ae-4793-bcd3-82e34da35011"
"08bd85e8-de73-4781-ab99-0187214ec7e4",f98f7d56-769c-4d7b-903d-43647c196cd1,"179b2f50-e7ae-4793-bcd3-82e34da35011"
"105defa3-5808-49ad-8b54-99d94a8fb36d","37a53582-a19d-4d9e-8089-3cde655855c2","179b2f50-e7ae-4793-bcd3-82e34da35011"
"12abd012-f940-4241-87b9-92e6d62090b3",d9b374b6-357e-4bde-8c0a-efe0720e0ee0,"179b2f50-e7ae-4793-bcd3-82e34da35011"
"284d669d-444d-4149-817f-efda689ad195","9c777e76-1188-463d-9be5-1c62d6e2244c","179b2f50-e7ae-4793-bcd3-82e34da35011"
"32f5044c-9ba2-4cd9-a493-e8b548c748df",bc495bf2-3d8e-4a10-a801-87bfbf5ef138,"179b2f50-e7ae-4793-bcd3-82e34da35011"
"39673679-b9ab-4119-874b-20726dbcf924","60a75fb1-7e77-4974-9f61-258720f3e442","179b2f50-e7ae-4793-bcd3-82e34da35011"
"444d1a60-8d69-48e0-a344-eb738117c1e3",b9439561-f457-4ced-a850-0e9642029b33,"179b2f50-e7ae-4793-bcd3-82e34da35011"
"48c18a00-b712-4f55-8a06-018b63145fa8","67a4c72b-d5de-4822-afb6-433b3601f793","179b2f50-e7ae-4793-bcd3-82e34da35011"
"4bf8b198-8004-4043-a8a1-13882945c9a9","0288ef1f-fca5-4cef-a665-ac6b64b5de1d","179b2f50-e7ae-4793-bcd3-82e34da35011"
"509b51b9-0f88-462d-8dd2-29c0ecbaaf50",b921a6be-9e42-48f1-9abb-7db0a2688e8a,"179b2f50-e7ae-4793-bcd3-82e34da35011"
"555e8c90-52c2-42a1-b1ff-8c26e032aa36","72773a5a-62ff-4560-a24d-5f9296f0d5db","179b2f50-e7ae-4793-bcd3-82e34da35011"
"5922aff7-cd00-4c3d-bb24-cb7bf3aa126c","55b50f18-d995-4882-9848-f1793d97e6e0","179b2f50-e7ae-4793-bcd3-82e34da35011"
"5f22bea6-688f-4161-9644-97194d9e095e","2a10fe09-0c50-417e-bc14-1bb99b1a4bbe","179b2f50-e7ae-4793-bcd3-82e34da35011"
"6f3d9471-a1cc-4249-8059-bbf18374b430",afe61940-be61-463b-a3de-b6a1a29d23fc,"179b2f50-e7ae-4793-bcd3-82e34da35011"
"7edb30b7-6d55-480d-8e68-0a4bebb4270f",d1379723-ed5e-4a20-b954-c292f7abe973,"179b2f50-e7ae-4793-bcd3-82e34da35011"
ac0c9746-75d8-47bd-960e-91c95cfdf707,"1b727aa4-66c2-4f13-acff-e4aa953d64c9","179b2f50-e7ae-4793-bcd3-82e34da35011"
b0d2956c-e6b7-43df-b64c-628e3101c6cd,e8eecab8-cfa8-4b47-8f98-5a207322d163,"179b2f50-e7ae-4793-bcd3-82e34da35011"
bb36097c-7a2a-4388-9d92-d03fc9ebf316,"3081c6c0-7aaa-4ef1-b223-19b268b6448c","179b2f50-e7ae-4793-bcd3-82e34da35011"
c0b9c685-3859-470a-87e8-e01f45f3b700,c205aa69-4329-4241-9de3-0935fcd2bace,"179b2f50-e7ae-4793-bcd3-82e34da35011"
c0c947d8-7d17-4ba9-87b8-22b6165c73a8,e75225fa-d3a4-49ed-b490-99c6cac6a56d,"179b2f50-e7ae-4793-bcd3-82e34da35011"
c81f4e22-e4b0-4ad4-9b14-c810fc976147,"69ef5a81-7ebf-4cab-bc8f-20835b46086a","179b2f50-e7ae-4793-bcd3-82e34da35011"
d88988a4-02dc-4551-ab65-809f01829ed3,e1487498-d4fe-4dec-bf15-021b061a4987,"179b2f50-e7ae-4793-bcd3-82e34da35011"
de0b3cb9-5ddf-427f-aa33-5ff5f40f772e,"9841b8e1-5cff-4515-9182-415fcd556f28","179b2f50-e7ae-4793-bcd3-82e34da35011"
f2ebc36e-257f-4b4a-ba75-62650ed9bd57,"3454fc89-fa87-414e-b3ed-01ad726087ab","179b2f50-e7ae-4793-bcd3-82e34da35011"
f34da2c6-6e44-407c-89cf-35a6de6c524e,"5beb7b09-edac-4b45-bb11-3e82e20fb0b0","179b2f50-e7ae-4793-bcd3-82e34da35011"
f494f0a8-fbd9-4d84-8ec9-c7aea64b70b6,"212d5481-7cf0-41b0-ab21-03d978ec433d","179b2f50-e7ae-4793-bcd3-82e34da35011"
ff2164f6-ec4d-4e1e-a0c1-e644b2055875,"5904d919-cdb9-43e2-aaa7-ea7a30ca4320","179b2f50-e7ae-4793-bcd3-82e34da35011"
"00a61a73-8019-4018-8e35-5a4c7fb035e0",bd2f7ab9-469e-490d-83cc-8f54b964892f,"179b2f50-e7ae-4793-bcd3-82e34da35011"
"18694e8f-19c9-43b4-9791-446b320e4e51","2e6c3bff-7769-441a-b122-b730c39c7afe","179b2f50-e7ae-4793-bcd3-82e34da35011"
"1f5ec1a6-6890-4f49-879f-acabefd0761a","6407146a-8d9d-45a3-b84b-aac6960a3f07","179b2f50-e7ae-4793-bcd3-82e34da35011"
"29f5b7da-908b-4b2c-b21a-9ab4dc6878f4","80fa61b9-690d-480c-a092-b89171bf24ba","179b2f50-e7ae-4793-bcd3-82e34da35011"
"39157b26-49f4-4e50-9523-bd0df9182dd1",f4a22dea-7f6a-4b00-9aae-29088600d859,"179b2f50-e7ae-4793-bcd3-82e34da35011"
"4083d5a0-87b3-4139-b4af-479a1245592b","571d2f81-6046-42df-9f88-089a107b89b1","179b2f50-e7ae-4793-bcd3-82e34da35011"
"4eaffd3c-5c56-4b3c-8c15-070d64af76ab",b18be16e-a1c9-4967-b2a4-4be898ffa1d6,"179b2f50-e7ae-4793-bcd3-82e34da35011"
"57d73ead-497d-4010-8436-9c1a0ab9f19a",ec210548-0533-400f-a92e-f25fcb0eaa49,"179b2f50-e7ae-4793-bcd3-82e34da35011"
"591bbd79-bb84-4692-8f3b-c372c2e47c6a",b446cd45-dbd5-43b1-9e73-7c32d5b9481c,"179b2f50-e7ae-4793-bcd3-82e34da35011"
"62c07900-00fc-47cc-ae7b-9b174fb67a95","05632330-643b-4aba-88bf-1df7c62ffd91","179b2f50-e7ae-4793-bcd3-82e34da35011"
"66ef1010-fe5e-4093-a3c2-9d05d441f994",ca2ac44e-17a8-4d92-8af3-f77be267ad2e,"179b2f50-e7ae-4793-bcd3-82e34da35011"
"6a16c4e2-6a0f-4ffa-8411-c7bc2d4ae519","5fda0ff3-461f-40c8-972b-24979531294a","179b2f50-e7ae-4793-bcd3-82e34da35011"
"6d7f36c9-6801-4564-be24-16d846dcff5b","94c67061-2e9d-4623-876f-176db7e7d63f","179b2f50-e7ae-4793-bcd3-82e34da35011"
"7789773b-90ef-4c79-8fde-9b851efb65d6","8424a275-7ec6-4420-b86f-ca82236a44f5","179b2f50-e7ae-4793-bcd3-82e34da35011"
a101f214-f4c2-4308-a7e1-b9a631d6fab6,"9e127d9b-6723-46e1-b68c-410da12194a5","179b2f50-e7ae-4793-bcd3-82e34da35011"
b465519a-e457-421a-a6f3-ed92740faf4f,"2d367f10-b2bf-4130-ad3d-d64023450822","179b2f50-e7ae-4793-bcd3-82e34da35011"
b5a94c3c-843b-4a85-9311-60d204af42ae,a16bed14-9f75-44be-b355-5bf82514dbe2,"179b2f50-e7ae-4793-bcd3-82e34da35011"
bbbc9435-c13b-4496-98a8-ec0fb0a25ca8,"1587f1ff-340f-4931-a993-3d9872622236","179b2f50-e7ae-4793-bcd3-82e34da35011"
d270e412-27be-4745-9897-6f2e14c67a79,b333e4f0-8801-4740-9663-391447cc5bab,"179b2f50-e7ae-4793-bcd3-82e34da35011"
d5247a38-0fb0-4e1c-8cb0-45c014b176d6,d8112e92-78d5-4ac9-bc1f-da8efb9d2d6f,"179b2f50-e7ae-4793-bcd3-82e34da35011"
dc3030f7-c896-473a-876f-52facd8bbf71,"36567604-3962-40cb-8183-f7c37912391d","179b2f50-e7ae-4793-bcd3-82e34da35011"
efd82281-ea67-4b3e-8d79-363860c49f24,"3e93257f-9a90-464a-935f-9dfa3b601c1c","179b2f50-e7ae-4793-bcd3-82e34da35011"
"026af843-91bc-434c-b680-c34ca0d04d35","6111b893-9b9f-48c3-94e9-1d7771f1f0fa","179b2f50-e7ae-4793-bcd3-82e34da35011"
"1f12e6cd-b738-4792-a0c7-3fb96b90f722","2abd9517-00ca-48d7-8690-7629184935dd","179b2f50-e7ae-4793-bcd3-82e34da35011"
"25ecd0d8-ce2d-489e-9550-f2ebb7893576","665084ea-3084-4f17-9fb4-8b56baef108f","179b2f50-e7ae-4793-bcd3-82e34da35011"
"45b67f5f-b857-4da9-94ce-db814deb70bf","7896eade-e637-4649-b323-2cebbefeb4fe","179b2f50-e7ae-4793-bcd3-82e34da35011"
"4ba7a412-3340-447b-aa61-aba3d2416e09","92a83d88-f899-4bdc-8195-4977828d1c56","179b2f50-e7ae-4793-bcd3-82e34da35011"
"4e852ada-f9a9-4ced-b13b-0eb7e1322213",d2a027f3-e0c8-41b2-8196-873e009fe4ba,"179b2f50-e7ae-4793-bcd3-82e34da35011"
"4f46e55d-cf80-40d8-80b2-86fb62002a91","3826e597-26fa-4769-a68b-98b2d2ddbef0","179b2f50-e7ae-4793-bcd3-82e34da35011"
"4f49377c-3379-4cc0-9031-79b230c03d22",fc6b057a-60d0-4b01-a63c-895d54ee0c4b,"179b2f50-e7ae-4793-bcd3-82e34da35011"
"79cc0d0e-c7c1-4620-9411-18677f63a317","038eb48c-692d-4e0b-a408-b620f473f3ee","179b2f50-e7ae-4793-bcd3-82e34da35011"
"7af9c785-e9b8-4c75-a505-e7870e5428eb",dd6bfde3-e413-4d29-951d-55088707cea1,"179b2f50-e7ae-4793-bcd3-82e34da35011"
"8abc3be9-de5f-4454-9434-1cad22d9baf1",c01b3e21-c50d-4dd2-9e9b-f911d23e4c0b,"179b2f50-e7ae-4793-bcd3-82e34da35011"
"958260a5-0667-47dc-9d0a-db0e2a6f8ee2",af716963-2200-405f-9331-81930f78f278,"179b2f50-e7ae-4793-bcd3-82e34da35011"
a0ccd79c-05f8-47a8-8084-2bc808f6b63c,a0dc6eed-91ae-4cbe-b75f-d2e57a29f93f,"179b2f50-e7ae-4793-bcd3-82e34da35011"
a9bf1221-ee1f-4e9e-b4ca-b584613371c9,"7ff618b8-d150-4724-8c4c-057178203c2e","179b2f50-e7ae-4793-bcd3-82e34da35011"
a9f37d0f-06f9-4971-8eba-0a317f2fecad,ad42f82c-26f7-4354-b108-9c8b0b46712e,"179b2f50-e7ae-4793-bcd3-82e34da35011"
bcde0ee1-ed4e-49c1-81ff-b24aea2ad6ed,b5adb93e-f260-4a26-b3c0-d84875538989,"179b2f50-e7ae-4793-bcd3-82e34da35011"
bce7775c-ddba-47b2-8de5-68f2d926fd53,cd6b1de1-ca2a-4c96-8a91-3a83a446d419,"179b2f50-e7ae-4793-bcd3-82e34da35011"
d00c0c09-6b86-4de3-b8f7-9c12f71045fb,a236b629-1dde-407c-9fb0-b681c6bbd65c,"179b2f50-e7ae-4793-bcd3-82e34da35011"
d05fe36d-65a8-432c-9233-7ddffe0fc48e,"69082c34-cc91-445f-bdd1-c1cad86088fc","179b2f50-e7ae-4793-bcd3-82e34da35011"
d1f1db04-57ed-4b78-910a-355ddfe4b916,c31d7628-d4f4-4142-bf53-df7c486802ec,"179b2f50-e7ae-4793-bcd3-82e34da35011"
d5f3828f-3dd8-43f7-86ea-ea36b8a70db8,"7626c345-7a12-4313-8930-841e4e190811","179b2f50-e7ae-4793-bcd3-82e34da35011"
ee61568a-9001-4751-8a4d-64b9adbb1be3,"7c641600-bc49-4766-8ee0-1ef7bc937194","179b2f50-e7ae-4793-bcd3-82e34da35011"
f203385b-127e-48df-aae9-fff7c5f96c85,"8ea823ce-8d97-4c3e-b388-b6f6c28189ca","179b2f50-e7ae-4793-bcd3-82e34da35011"
fbd2a82b-8942-410a-a0a3-50022dc73058,"48ce4fcb-842c-42ac-86ed-a0d86f8bc449","179b2f50-e7ae-4793-bcd3-82e34da35011"
"071f5106-57ca-4e9b-a41e-41b04e16886b",be3582b5-311e-41ea-ab93-de950eb034c2,"179b2f50-e7ae-4793-bcd3-82e34da35011"
"0c4917d5-26f1-4667-8528-30bfdc99f427","1d15e157-afd8-477c-897b-462a4ab09b44","179b2f50-e7ae-4793-bcd3-82e34da35011"
"1e38f76e-bcb3-42fa-ae58-992819933137",d6b6043d-84b9-412b-9895-5724dda7651f,"179b2f50-e7ae-4793-bcd3-82e34da35011"
"27b7c7e2-1c0b-48b4-a2ac-e79265d612a5","0d64f564-9de8-41ee-8c80-a9e920950c84","179b2f50-e7ae-4793-bcd3-82e34da35011"
"2a610db9-c371-4e3e-abdb-0da1540d2985","3f56f17a-bbba-4554-bda3-e5878deb5eda","179b2f50-e7ae-4793-bcd3-82e34da35011"
"3497ce79-9b29-4f86-918b-c529766444b3","494547cd-a18c-4b90-b31e-891031f4ae1e","179b2f50-e7ae-4793-bcd3-82e34da35011"
"36ebd767-7432-4e7f-b9a2-cd42d2e4ce30",a73928c4-d9fd-422a-9728-6683085c3862,"179b2f50-e7ae-4793-bcd3-82e34da35011"
"39d283cc-a2a9-4003-87e6-918b164a1554",fcd7f3c0-bfaa-4fc7-bec1-f58c7f03c908,"179b2f50-e7ae-4793-bcd3-82e34da35011"
"403bac83-291e-4e29-a547-dc205ea9c1c6",d48f6e37-0af7-484b-bdaf-136d0b24edb0,"179b2f50-e7ae-4793-bcd3-82e34da35011"
"49608272-ba8b-4f5d-af21-e3ae9b2145b1",e37806c0-42c7-44df-8aa0-922c033f46b2,"179b2f50-e7ae-4793-bcd3-82e34da35011"
"8a2d49ec-7593-42dd-993e-4dd752f2163c",d456816c-d1f4-448b-a6bd-f3e889b45156,"179b2f50-e7ae-4793-bcd3-82e34da35011"
"8c670225-c776-48be-adda-ea123f068c85",f83cf503-d02b-48ca-91b6-4b9fb6797492,"179b2f50-e7ae-4793-bcd3-82e34da35011"
"91327dff-1964-4a72-8a17-3cd50aff1f4e","7504cadc-fcaf-47b1-8d6d-4329de800852","179b2f50-e7ae-4793-bcd3-82e34da35011"
"95ae557d-b95d-4608-a7af-975c2f192faa","0b85c25c-f197-4eac-89f3-3820557a0668","179b2f50-e7ae-4793-bcd3-82e34da35011"
"9a5e8715-44f2-4240-9e2a-bde2971b72c5",c815a0ba-95d1-42ef-b769-691e8941e45c,"179b2f50-e7ae-4793-bcd3-82e34da35011"
"9f375d62-6361-4fe9-93d9-3730d7c9dcc7","3d5688ca-9d43-46aa-a953-1d38295fb094","179b2f50-e7ae-4793-bcd3-82e34da35011"
"9ff9e8dc-3e12-4bf2-8f72-9204332bb4d2",cf52e108-bb8d-4994-bd2d-f89258c43eac,"179b2f50-e7ae-4793-bcd3-82e34da35011"
aec16ad6-e4cf-45e9-b785-f9197aac9f0b,"7e69c7f0-355d-45aa-b3ac-fb477fa3789b","179b2f50-e7ae-4793-bcd3-82e34da35011"
af1ccc25-7b5d-4870-8ae0-e3f9ebe994ae,"9c15ba47-0174-4617-9f58-a76840257401","179b2f50-e7ae-4793-bcd3-82e34da35011"
e2367bd9-306d-4c2e-a190-53c1dd0a590d,a03a136e-bed0-4754-9ef0-4f67a75af54b,"179b2f50-e7ae-4793-bcd3-82e34da35011"
e5f5c6fe-ac22-40bc-ae8e-a5429ded731c,e9245446-bf18-43cf-ac1a-ccfc0b073f3a,"179b2f50-e7ae-4793-bcd3-82e34da35011"
f71dea85-f40d-4bcf-9ce7-17504ddc68ff,"8898315d-beca-4acb-873e-acbe7be77e33","179b2f50-e7ae-4793-bcd3-82e34da35011"
f9bac827-ac32-4f9b-a1e1-aca26b7ddc50,f1baed4a-f5a3-45cc-b814-c65c115e3cc1,"179b2f50-e7ae-4793-bcd3-82e34da35011"
fcb37785-1e56-42ae-816c-0e24ebcb4fe0,ae656676-91b8-42cd-9690-c3859b212c5e,"179b2f50-e7ae-4793-bcd3-82e34da35011"
"17a71f10-6fc0-4c8e-b207-5ecba129f491",efeba067-64f6-47c4-8ee9-8bf9f07b57d7,"179b2f50-e7ae-4793-bcd3-82e34da35011"
"17ee954e-d20c-465b-a2b1-c8e7371b2ac8",bb580d00-a62b-4399-a94f-185ec73c01ce,"179b2f50-e7ae-4793-bcd3-82e34da35011"
"1c200f2b-c2f9-403e-ac55-8c22a3d38e68",f539f7af-da2f-42c2-af19-1292a80b6079,"179b2f50-e7ae-4793-bcd3-82e34da35011"
"1f598045-14b4-4b4b-ac55-077484b43528","2f4f606b-49ac-4571-a640-1d247918976c","179b2f50-e7ae-4793-bcd3-82e34da35011"
"24a7b985-8d62-4225-873f-445289651fce","95d10c1e-aabb-475b-b9dc-34283d99eed7","179b2f50-e7ae-4793-bcd3-82e34da35011"
"31ff30f9-e96a-419b-ad19-17b9bdf2440b",dfdd94f5-a5ae-4449-82c8-7e9b98521b3c,"179b2f50-e7ae-4793-bcd3-82e34da35011"
"3cedc159-6f51-4236-9b25-fa00e1199d17","1f29347b-101b-40aa-80e2-76b525c87c93","179b2f50-e7ae-4793-bcd3-82e34da35011"
"46de94fe-9a38-4a4b-940f-172f2ecfd848","0ff07460-c793-4ff2-80c2-990942de9295","179b2f50-e7ae-4793-bcd3-82e34da35011"
"4f111989-69a0-4c22-b0f8-a17c1e32e4c2",fff98609-1eb7-4af2-beb4-fdbbaa550a80,"179b2f50-e7ae-4793-bcd3-82e34da35011"
"648c06e3-fb99-4af0-9c30-87f15af1138f","25d6b068-1fc2-43ff-806e-bb1b601f84aa","179b2f50-e7ae-4793-bcd3-82e34da35011"
"6be68c39-d494-493e-aa78-d55a9cd47f69",e0b753c1-258c-4551-9dfd-718135bbd177,"179b2f50-e7ae-4793-bcd3-82e34da35011"
"82692326-db4f-4000-8e96-5ba402fe11d0",a9939f47-39f0-4447-923e-2fa0b79b3ec9,"179b2f50-e7ae-4793-bcd3-82e34da35011"
"82de67a7-91e9-4986-90cf-17738f080149","0ebf6ba4-087a-4519-bc1c-7a3183a95eed","179b2f50-e7ae-4793-bcd3-82e34da35011"
"8a072b5a-e7cb-49d8-9cf2-643f832f65aa",b79b8111-649c-4214-b70c-cbab6c514824,"179b2f50-e7ae-4793-bcd3-82e34da35011"
"8ce856ba-52f4-465b-b52f-60e0a8b301ac","8eb1b15e-6a67-4234-ac62-b1c3d7d214e3","179b2f50-e7ae-4793-bcd3-82e34da35011"
"9603e3be-413f-4f3a-ae2b-7f8cc666f4b8",b9f992c4-3c35-4dcb-8169-65ab29957bbc,"179b2f50-e7ae-4793-bcd3-82e34da35011"
ac3e204d-966d-4d12-891d-11ee0bcb6af9,"0b439f09-e70f-4f26-b092-a0505664da08","179b2f50-e7ae-4793-bcd3-82e34da35011"
af8bca50-1c17-4b89-a3fd-04149ad266e7,ad4d2252-a2b8-4eb0-a261-2acde4992bdf,"179b2f50-e7ae-4793-bcd3-82e34da35011"
b54646fd-a7ac-4b5c-b30a-0c80ca947672,"4bee8f2c-f129-45bc-81ca-e1dc6b50746d","179b2f50-e7ae-4793-bcd3-82e34da35011"
b89ce4cd-d234-4d2e-ac1b-b1847a661fcb,db9aab8b-09a9-413e-b572-e382277727c7,"179b2f50-e7ae-4793-bcd3-82e34da35011"
b8fbc7ae-6a0b-4e73-a12b-a851cf6cd6e9,"6d40a0ba-9c28-486b-8eac-270373c378e4","179b2f50-e7ae-4793-bcd3-82e34da35011"
e23c4bad-9182-4403-a75b-357c25fe84c7,"4503ec11-126f-48ca-a6c9-fe3603399af8","179b2f50-e7ae-4793-bcd3-82e34da35011"
efa06b13-ca9e-41a6-8f6c-6436d69950ef,b9e8d9ef-3419-40c4-8fad-84b3f911070f,"179b2f50-e7ae-4793-bcd3-82e34da35011"
f4718b41-c0a3-4bc2-9de9-cf42ee391623,"66a14c9c-a3d4-4ad8-ab3f-84a4a9bb0caa","179b2f50-e7ae-4793-bcd3-82e34da35011"
"89f18081-60bf-46b8-9f40-30b9fe0e25e9",f941a6df-24dc-454d-bdd3-4b53f4dd34dd,"179b2f50-e7ae-4793-bcd3-82e34da35011"
"8c6bc2fa-437a-4956-a02a-dd1de862507a",f48d6d60-3146-4ae6-9444-c0967db19313,"179b2f50-e7ae-4793-bcd3-82e34da35011"
aab6db52-5482-4aca-845a-6bca5627ebdb,dde0df74-2e01-403f-9bb3-c06e1da396ec,"179b2f50-e7ae-4793-bcd3-82e34da35011"
ad31c93e-bbc3-4fb7-95c9-37580d355914,"81b05e80-455e-459c-bb99-b037b1f482ef","179b2f50-e7ae-4793-bcd3-82e34da35011"
b1323bbb-89bf-4c3f-9c17-ebeb44fb7b55,"3cfa0b6f-b163-4faa-bb96-5ce238005b0f","179b2f50-e7ae-4793-bcd3-82e34da35011"
cc7a7af7-b66c-4164-b059-c81d12e54d1c,"41515ffa-77a9-41a8-869a-cfa33641fa83","179b2f50-e7ae-4793-bcd3-82e34da35011"
dd5e13b5-da15-4d14-a2a6-c1e5629f3c11,"04fe1a55-fdc2-4051-8865-63d4bdae13a7","179b2f50-e7ae-4793-bcd3-82e34da35011"
de85e3b5-cdcf-41ad-bd25-ce85bf6ed479,ad186c74-f40c-4756-b556-0b182f1b957d,"179b2f50-e7ae-4793-bcd3-82e34da35011"
fc56b71a-1270-408b-a1bb-7ad9274ceff5,dd5f6554-54cd-4109-9869-7c97231354cd,"179b2f50-e7ae-4793-bcd3-82e34da35011"
fde26bd1-8aa1-4a0c-9b0e-27cca7303112,a8fd4561-5627-4155-9be2-5b6c599445ed,"179b2f50-e7ae-4793-bcd3-82e34da35011"
"2b5d2b08-8891-4dcb-a35a-bcf4401d9890","3dce31ff-f025-43dc-b420-b55b1187644e","179b2f50-e7ae-4793-bcd3-82e34da35011"
"3a2caf1f-edbe-4bec-ab6d-fa10c4c9417d",c3d9c4cf-45dd-4809-a51a-19d909843719,"179b2f50-e7ae-4793-bcd3-82e34da35011"
"3c73ebb8-6d64-4034-a85c-2c6583370334",f7c877ab-0c9c-499b-8488-734871de12e8,"179b2f50-e7ae-4793-bcd3-82e34da35011"
"443b342d-42b7-4257-ad3e-0d00a2583d47","59e37a68-bc61-4150-89a7-9a60857efad9","179b2f50-e7ae-4793-bcd3-82e34da35011"
"4548c5e9-51d7-4ee3-850b-f583ed7b2343","61958149-42fc-4015-bd57-81ec9c504f61","179b2f50-e7ae-4793-bcd3-82e34da35011"
"064e4bc3-fbbc-4d25-a431-c1d17eb7849e","78bd1e1f-2d25-4e4f-9625-8ab122a308ec","179b2f50-e7ae-4793-bcd3-82e34da35011"
"443c2512-8740-494e-86f4-602ad9939622",ea0f84d8-4201-4ec8-848f-ec17e45b3fd8,"179b2f50-e7ae-4793-bcd3-82e34da35011"
"4cd38261-7fa1-4c2a-a6ac-16de0848f224","9d8cd42e-51a6-4feb-b38c-00a71851e52c","179b2f50-e7ae-4793-bcd3-82e34da35011"
"6d6c99b3-c2f2-408e-9095-f72af81db31c","29651158-c3a0-49d8-bcb1-af02a0544050","179b2f50-e7ae-4793-bcd3-82e34da35011"
a429ad4d-c11c-4a61-aa7e-b9745730c51e,bc738aeb-7e65-42d7-aa99-0b5b5e29e3f7,"179b2f50-e7ae-4793-bcd3-82e34da35011"
ab824c41-14e6-4062-918f-c91d7da78eea,"743896b9-cc2a-44c8-a845-1d9a15122a4e","179b2f50-e7ae-4793-bcd3-82e34da35011"
cefea8eb-9d59-42ae-903b-10a29656d2c0,"799d5b4d-5fd1-488b-999e-22ee85017e2b","179b2f50-e7ae-4793-bcd3-82e34da35011"
"12eaa349-7589-4d3b-b529-7b1b45588a8b","57c57002-f38e-4c73-a350-4115f16244ad","179b2f50-e7ae-4793-bcd3-82e34da35011"
"234a00ab-8293-415f-8264-a36bbda2fe22","82198cf0-11ea-48b6-84e1-3156d44d8368","179b2f50-e7ae-4793-bcd3-82e34da35011"
"30564cec-1eac-4329-b5a2-f9d7bf0d341d",e97e236a-d3a7-4537-9139-0883512ccd8d,"179b2f50-e7ae-4793-bcd3-82e34da35011"
"36ab64af-d321-4a50-8508-73c200078e77",bcbf9858-d48c-46fe-91e4-db74e872df44,"179b2f50-e7ae-4793-bcd3-82e34da35011"
"37808c00-deea-497c-8007-858cc8d6b51a","303147f9-0a76-44ea-a862-8d9ce8ce65a9","179b2f50-e7ae-4793-bcd3-82e34da35011"
"3b3e5a43-c4ab-45cc-ab2c-6ced9d8f55da",e94fef56-d313-4a88-8cb7-b889e707b251,"179b2f50-e7ae-4793-bcd3-82e34da35011"
"50fea4a1-0171-4373-a0d0-38d0674e30d4","79d32f13-6abc-4612-9394-f13f7b22685b","179b2f50-e7ae-4793-bcd3-82e34da35011"
"589419a0-257a-491e-a39b-04e73172cdb2",f4481271-e01d-48a0-a914-266eb673f5f6,"179b2f50-e7ae-4793-bcd3-82e34da35011"
"669c24c6-cb16-4b4a-a7a5-4db1e79d8e30",ad974968-53a9-4478-be50-cd78b6d41577,"179b2f50-e7ae-4793-bcd3-82e34da35011"
"78059c61-f9f2-468b-b742-3af779cf04e3","75d86047-fcae-415d-bd60-af0013a7840d","179b2f50-e7ae-4793-bcd3-82e34da35011"
"81659b12-ca7c-4437-979e-d903ec08a409","3ea0100b-ec85-48d8-9596-2a399930ac89","179b2f50-e7ae-4793-bcd3-82e34da35011"
"85952e5d-6d96-467d-b5a0-de1487997113",d1f3c9ff-e942-4fad-a54a-66d99ae433ad,"179b2f50-e7ae-4793-bcd3-82e34da35011"
a2249f70-21a8-478f-b616-a946786e8f9c,"3036ab18-9ef3-4013-869e-a97e0d855e12","179b2f50-e7ae-4793-bcd3-82e34da35011"
a25786c2-2f87-40fb-8f89-11c0c51ff766,"96abbd47-879a-4fc7-9810-f9299d94b442","179b2f50-e7ae-4793-bcd3-82e34da35011"
a25f4299-00cc-4411-a30b-b61fa8f2701e,"4d34fbd8-a0f5-4b59-88df-b925953e51b2","179b2f50-e7ae-4793-bcd3-82e34da35011"
a42c12bc-bc87-4298-95f4-d90b3af77dbe,e5180731-4b00-411c-91ab-a9f15b9ac32e,"179b2f50-e7ae-4793-bcd3-82e34da35011"
a507bbe9-a60d-4fa8-a3ca-655731e7b74c,"461aaace-9374-4d42-860d-6825894234ab","179b2f50-e7ae-4793-bcd3-82e34da35011"
b2e0dd4b-9cde-43b8-b5a2-250950d725ef,"377f2dfe-da95-488b-8de7-93a8f99ba4a8","179b2f50-e7ae-4793-bcd3-82e34da35011"
caa7e8b0-b336-4dd8-8478-0a92c56e67ba,"92d78967-a7eb-40d9-afca-0fbca9d4bf11","179b2f50-e7ae-4793-bcd3-82e34da35011"
e098e453-9a34-4d25-a250-1978248cfece,f29c6be8-e82a-45e9-b9ea-398bb1aa39cf,"179b2f50-e7ae-4793-bcd3-82e34da35011"
e1f2ee65-e18b-4789-8f20-b8112cc5eb11,"6a95b7f3-f006-45ea-a846-a719d44c335c","179b2f50-e7ae-4793-bcd3-82e34da35011"
e30b8f9b-ad40-48b7-ae4d-50853b1844c1,"09a303f3-3f80-48b2-91f5-3170e8326b69","179b2f50-e7ae-4793-bcd3-82e34da35011"
e54f4296-2664-481a-bc30-988bade70cb0,c5d4edd6-05b3-4765-aa9f-a6619e3595ce,"179b2f50-e7ae-4793-bcd3-82e34da35011"
e72a30fd-6d61-45ed-92b1-112b871ba52b,"6611bf8c-21fb-45dd-ac37-d227fc46db33","179b2f50-e7ae-4793-bcd3-82e34da35011"
e9807e85-3215-4da5-acd2-18fd3fb0a061,"6383b1a8-32e3-4194-88e8-cf9d1a3bfbe5","179b2f50-e7ae-4793-bcd3-82e34da35011"
ee501d9f-ef12-49dd-a996-9479c992bea0,"12687248-75c3-4fc9-8f4e-701b8e788ecc","179b2f50-e7ae-4793-bcd3-82e34da35011"
f016e569-c25b-4ed5-98ce-38dc5fc6d057,"6dd9096c-a170-43c6-b78f-213cb06c2144","179b2f50-e7ae-4793-bcd3-82e34da35011"
f87b06df-7776-427c-bd80-aa4f662af5a8,bf31539b-6af6-4829-a92d-44a86882ce70,"179b2f50-e7ae-4793-bcd3-82e34da35011"
"5e90716f-7003-4ee3-be94-1c1d5b9ee1d6","8591124c-4039-4be6-8b0e-489e09015e21","179b2f50-e7ae-4793-bcd3-82e34da35011"
"5eac5d07-6cdf-4d56-bd7c-672ceb993361",bc040597-0046-44f3-81fb-1c5b184b7e50,"179b2f50-e7ae-4793-bcd3-82e34da35011"
"7a07bf9a-80d4-41bf-85dd-d237616196f7",d471345f-939b-47dd-aadc-1af936618d2e,"179b2f50-e7ae-4793-bcd3-82e34da35011"
"7b0d2574-827b-413d-8403-8648a1bcce0d","8e76e499-c44f-4d37-a354-c469b1057271","179b2f50-e7ae-4793-bcd3-82e34da35011"
a371ad8d-7cda-43df-bf3e-1db7c2565b89,"1b5eb2c4-d136-47da-97d8-e47b356cc1d5","179b2f50-e7ae-4793-bcd3-82e34da35011"
a9919577-8619-4f17-8859-7a018e93720e,"7a9b692c-b094-4b57-a548-58817288182c","179b2f50-e7ae-4793-bcd3-82e34da35011"
b088fed2-d0f5-41ca-8f3a-095ab44018c9,bf1ac68c-c121-43e5-bd13-d4e8ce2ca93b,"179b2f50-e7ae-4793-bcd3-82e34da35011"
b808b97b-81da-4ea0-b9ad-3c9c670ed223,"3e1c7bed-03cf-408f-9423-8ab435abcb8a","179b2f50-e7ae-4793-bcd3-82e34da35011"
ca4f00ad-bbd2-4314-86bc-d1a939c82d9c,"3302102c-7d3b-405d-804e-ffcec3b828ae","179b2f50-e7ae-4793-bcd3-82e34da35011"
cbd6a653-338d-4649-b179-8254c90e841d,"9ddcdcc0-da84-4e83-a5b8-c1f49c299f6e","179b2f50-e7ae-4793-bcd3-82e34da35011"
cdc36db1-642d-43f6-9a3d-db0ac83e2151,"99026af0-fd04-4b18-9482-a3477a9710cd","179b2f50-e7ae-4793-bcd3-82e34da35011"
d461a760-1956-41c1-97bf-b0695f02a1bc,d36a0cb9-7e39-4d5a-a859-875ac67c0bdd,"179b2f50-e7ae-4793-bcd3-82e34da35011"
e0824301-a203-4225-9c85-cfc36e47bd32,"1518946b-a36a-4c0e-9e22-ca928c329527","179b2f50-e7ae-4793-bcd3-82e34da35011"
e5b742f6-ed58-41f2-92bd-a2412508d98f,"2e44eebd-3e19-4be9-bf39-b8afb5036358","179b2f50-e7ae-4793-bcd3-82e34da35011"
e3a0e15a-23af-4d78-bf00-20c82c562f32,"0f832651-348a-435a-81dd-a10dc2fea0e2","179b2f50-e7ae-4793-bcd3-82e34da35011"
"03213b55-cc6a-45c8-98dc-487a25610a89","5e5248f6-c513-4a64-9868-111a290cde0f","179b2f50-e7ae-4793-bcd3-82e34da35011"
"07275d9e-8105-4990-8f40-5fa3e0350122","15040de0-58dd-4200-bc45-34731fae2725","179b2f50-e7ae-4793-bcd3-82e34da35011"
"15be648a-320d-4b17-8912-0cd7aabef94c",cca51652-58a0-4920-bdf9-a5b318c727c4,"179b2f50-e7ae-4793-bcd3-82e34da35011"
"1ceba904-34c3-4628-ad16-5193ae2b829d",a8d70369-2306-475b-ba0a-e8f6a19f660f,"179b2f50-e7ae-4793-bcd3-82e34da35011"
"21ecba12-547e-4f95-8d5e-61bda0a80277",c9bbecbd-3597-4f8f-acfc-04c17c6d4cf5,"179b2f50-e7ae-4793-bcd3-82e34da35011"
"282757bf-5289-4c50-9af6-3071b31648b6",d7465c3c-9832-4bc8-a649-5ef4ffc8bd2b,"179b2f50-e7ae-4793-bcd3-82e34da35011"
"4650dddc-a987-455f-afbc-e214d6a4af9a",fc8d91c2-997e-4135-a7c3-a79541bb98c8,"179b2f50-e7ae-4793-bcd3-82e34da35011"
"484329e4-585c-4ff7-b3e1-dfa2604969c7",f81cd45d-96e4-455c-8da4-3602123b2a07,"179b2f50-e7ae-4793-bcd3-82e34da35011"
"4e13c510-b8d2-4525-aabe-bcc218b3965f","81df28c7-79ed-4275-85dd-fd83fad22b7c","179b2f50-e7ae-4793-bcd3-82e34da35011"
"73bcca82-aac9-4bbb-8173-7825388a92e7",b531ec14-f02b-4ad8-b384-f6e837a68e63,"179b2f50-e7ae-4793-bcd3-82e34da35011"
"94554a3f-afcc-46a5-ada7-27e5063259d9","8dc0b636-faf4-4654-89e0-4ef75cc9defd","179b2f50-e7ae-4793-bcd3-82e34da35011"
a45741d7-ffc3-4831-af31-0e0ea966416e,"2389e04a-c2c9-4af1-bb67-f443cb8ff8eb","179b2f50-e7ae-4793-bcd3-82e34da35011"
ca5452c1-7831-48a5-b6af-82eb8deef18d,"69180151-5b7d-43ee-be6e-41f2a218de2d","179b2f50-e7ae-4793-bcd3-82e34da35011"
d4e4f239-07ca-4c36-b798-7296b65ee7a8,"543acdd1-6178-4a0a-b2d4-c0f18e5a228d","179b2f50-e7ae-4793-bcd3-82e34da35011"
"03e31f60-f3c1-4c27-861a-9bfd27666035",f6a38160-1f10-476d-bd8d-0b797bfbb97a,"179b2f50-e7ae-4793-bcd3-82e34da35011"
"05c0fc56-a9b2-47c6-ac0b-12de5821412f","1b1ccab9-645d-40b4-bcca-44347b8b9297","179b2f50-e7ae-4793-bcd3-82e34da35011"
"081f7288-001b-4448-8263-70fd3284e4b6","9690707c-932b-404f-8f07-ac208eabcef0","179b2f50-e7ae-4793-bcd3-82e34da35011"
"084bb931-7801-4302-ab0d-63283570b1cd","29efb284-44a8-4e81-8c9a-554843d1eef6","179b2f50-e7ae-4793-bcd3-82e34da35011"
"0f5bbd92-d217-4905-84ab-19374bb0b0ac","3dadb73b-dc08-4136-a873-0828b1254a6b","179b2f50-e7ae-4793-bcd3-82e34da35011"
"12c1669d-f7e0-4385-9c3b-869c2a0629a2",ce1ec60a-2f02-411b-a7b4-39af56c511f8,"179b2f50-e7ae-4793-bcd3-82e34da35011"
"13f4be38-0876-4dab-9a73-f0d3a5656d4b",b092af55-6e61-4168-918c-181a7c4204a8,"179b2f50-e7ae-4793-bcd3-82e34da35011"
"2115a69e-08d2-46f8-8cd8-0511d20ae7e8","7672b77a-d4ed-4003-a17f-122a62cbe2e6","179b2f50-e7ae-4793-bcd3-82e34da35011"
"244c723b-4ce5-42dc-be41-a109399a5f6b","49d68cbe-fe5a-4a33-82a1-11bfad4d487c","179b2f50-e7ae-4793-bcd3-82e34da35011"
"2b7d391f-f5d1-4847-890b-dc2e90fbb0ca",cd0a7e02-6fea-4d3f-a441-ba4b4569f569,"179b2f50-e7ae-4793-bcd3-82e34da35011"
"3a237be4-5c47-42f7-a19a-f7588b76d77d","15692ab3-931e-4cfe-aaa1-09d363033c39","179b2f50-e7ae-4793-bcd3-82e34da35011"
"46c98e85-2e4e-44bf-be26-1d4707194ca0",f7b475c5-5f91-42ba-8495-45b087218479,"179b2f50-e7ae-4793-bcd3-82e34da35011"
"46da33f2-e006-4c85-b755-96682c9155d6","4696532e-d4bb-412f-90e1-2784c8bab42d","179b2f50-e7ae-4793-bcd3-82e34da35011"
"507f1c1a-a2ec-444c-9dba-4ca51c2d1262","313e5c00-1aef-45bb-a3c5-47ef8a739019","179b2f50-e7ae-4793-bcd3-82e34da35011"
"5b1cb6f4-c918-4d2a-a11c-149dfea6a383",b73bf735-134b-4a20-90ed-b7534b1f487f,"179b2f50-e7ae-4793-bcd3-82e34da35011"
"70b519e8-22e8-4744-a111-d29cde039f95",fafe5e0f-9f11-41b1-a078-fcd0faad63cd,"179b2f50-e7ae-4793-bcd3-82e34da35011"
"7af5fe06-d568-4c4c-91e9-2cd8ce87c335","12a72035-4a40-45be-b6ed-e18dc60aac59","179b2f50-e7ae-4793-bcd3-82e34da35011"
"9c2f2936-5ec0-4e30-8aed-a04709931b33","71a9974a-b017-4597-b3ca-4fb9f4527a65","179b2f50-e7ae-4793-bcd3-82e34da35011"
a67416ca-e819-42fa-a566-098ade3a7b88,a604c46e-0579-44ab-a531-e702f343596a,"179b2f50-e7ae-4793-bcd3-82e34da35011"
bae8a846-2624-4e0b-81b1-4227129718e7,d8265214-ed8b-4aae-a3a7-58a689fa5cc3,"179b2f50-e7ae-4793-bcd3-82e34da35011"
bd62917f-c6c6-40f5-9712-12df70cdb5f9,a14e8e81-269f-4776-b977-6f842ffe6e4d,"179b2f50-e7ae-4793-bcd3-82e34da35011"
c4c69ee5-08d1-4cf3-8057-0fa555f7f29a,"796f88dd-e9a0-423c-931d-8abe63e7b0f9","179b2f50-e7ae-4793-bcd3-82e34da35011"
c90041fa-27ea-4278-a74c-d7902c6640a7,f8bf4737-1b39-4f9a-b64f-b043931f4499,"179b2f50-e7ae-4793-bcd3-82e34da35011"
c9bd7785-221d-45a1-b471-b9940b37afc0,"22a93c46-0e2f-4e25-be48-f54c4ab3c47e","179b2f50-e7ae-4793-bcd3-82e34da35011"
e857c062-2035-4196-aa11-46c7404351b2,"180160f6-c4a9-4837-ae56-1fde886c730d","179b2f50-e7ae-4793-bcd3-82e34da35011"
"004e6a87-ef0d-4c0a-a7f3-9706258de948",e37b6803-f2ac-4031-bf24-ed4d4b991928,"179b2f50-e7ae-4793-bcd3-82e34da35011"
"02d97260-ad65-45a2-bf5b-dfb0f933fd73","38409f8e-0c20-4307-957b-e2fd9eadd759","179b2f50-e7ae-4793-bcd3-82e34da35011"
"071d4aa4-4659-4752-bd21-b8599e66ccbc","1a6cce68-4669-4fbf-ab7d-01c9f50779a9","179b2f50-e7ae-4793-bcd3-82e34da35011"
"079df5fc-bacb-444c-b28f-001d59b8db62",e983a234-ce1f-4869-8126-8ab80a150059,"179b2f50-e7ae-4793-bcd3-82e34da35011"
"0f5aabce-f4b2-433e-a6a5-b0555994a6aa",a3b625b0-d3b0-4101-a30d-b9c267978d97,"179b2f50-e7ae-4793-bcd3-82e34da35011"
"264b5040-4555-42e7-948f-62ceba130f1c","989b5245-a0ac-4522-a34a-119b4fe6c40b","179b2f50-e7ae-4793-bcd3-82e34da35011"
"26c4bf8e-4b23-4240-9e20-f0a9efc7810f","115d11eb-2f6d-4077-b3f9-ded23fd7b5b5","179b2f50-e7ae-4793-bcd3-82e34da35011"
"35e4acda-d8f0-47be-b6d0-d41f7244c354",f8642c8e-cfc9-4628-ac1b-2b5d33f495e2,"179b2f50-e7ae-4793-bcd3-82e34da35011"
"3677f443-46bd-4cd2-ae00-05802c2c767d","5e14ed6e-72b2-4b9e-8646-2fead0f889d1","179b2f50-e7ae-4793-bcd3-82e34da35011"
"38c664ea-771b-4c7b-a26a-1e083e82fda1",e2f5a7ea-69fd-4f7a-98ba-1aa4795d7f9f,"179b2f50-e7ae-4793-bcd3-82e34da35011"
"3a979734-b518-4d3e-a5ca-ea6d43040d2e","7f9c6953-cfe3-498e-9e3c-b1b494dffaac","179b2f50-e7ae-4793-bcd3-82e34da35011"
"5f5fdfbf-566e-4667-8318-25be38c6715c","3b0bfcbf-62db-4988-a6f8-45465d5b8483","179b2f50-e7ae-4793-bcd3-82e34da35011"
"6a6c66f6-f325-411a-8ef3-f69160527736","446fe82b-a776-41e3-9d62-e835f2b5ade9","179b2f50-e7ae-4793-bcd3-82e34da35011"
"72c6e39f-5d87-4d22-9df4-daeaed13a6c4","998ba9c5-c091-474d-ab7b-11c7f25d3989","179b2f50-e7ae-4793-bcd3-82e34da35011"
"7c3f1949-04e1-4ed3-bc98-2c11b739e7b5","1cfa7b60-fba8-407e-93cf-666234bd992c","179b2f50-e7ae-4793-bcd3-82e34da35011"
"92320ec3-5eb2-4d85-98a0-67a0f89aaecf",e49ac4cb-e853-4872-82c1-89110db81592,"179b2f50-e7ae-4793-bcd3-82e34da35011"
"99d7e6d8-32e7-4225-95a0-b69777e6b963","3d803297-b0eb-4eb3-a1fe-e097906856a4","179b2f50-e7ae-4793-bcd3-82e34da35011"
aaa53e36-1e25-4cdd-b479-1586fc4f5313,f9989237-b4c5-4c98-bdd0-35e796c2da44,"179b2f50-e7ae-4793-bcd3-82e34da35011"
abce3a01-7200-4d3d-85ef-ee38a47f8879,"590d11c1-b1dc-45c2-9903-16641e900b3f","179b2f50-e7ae-4793-bcd3-82e34da35011"
ae060ab4-c443-4593-8856-38931934301d,"2a2e032e-78f7-4838-bf4a-f622b258a2e1","179b2f50-e7ae-4793-bcd3-82e34da35011"
b6f4ff36-35f3-44d4-948a-dc4626c8d692,df69eaf8-d29e-4c27-8649-8b4c323abbf8,"179b2f50-e7ae-4793-bcd3-82e34da35011"
bb9dbe80-a55d-42d5-94a3-52d7810ab501,"7867d202-f504-42fa-b04f-94f27d82f37b","179b2f50-e7ae-4793-bcd3-82e34da35011"
c8747b28-34a3-46ea-8ca7-eec3c6e7d9d0,"2e58911b-947a-43e2-8248-7f07de3f42fb","179b2f50-e7ae-4793-bcd3-82e34da35011"
e68a3056-9c71-4d82-b6e6-c76a0fc12aeb,"83150d84-cce3-427a-82e7-6494c898de51","179b2f50-e7ae-4793-bcd3-82e34da35011"
e960bac5-7a61-4212-accb-f046eb97370b,"85f264b7-b22c-4493-b1fe-7932584a9a6a","179b2f50-e7ae-4793-bcd3-82e34da35011"
ec9a710b-1376-428c-bc07-a72055977f89,"20630d4c-7dd1-467e-8e17-318183de74e7","179b2f50-e7ae-4793-bcd3-82e34da35011"
eeee4ee8-7295-4d96-a826-da83bae8c051,f9241db6-70b4-415d-844b-60aad9f08682,"179b2f50-e7ae-4793-bcd3-82e34da35011"
ffcb2ca1-0ad8-4293-a370-1d50052b929a,a0cf3e22-585a-41cf-9be9-737efcbb77fb,"179b2f50-e7ae-4793-bcd3-82e34da35011"
"1a9532db-e53f-4cd6-b33b-ef92f9c3d1c2","8e4f12f0-3fa9-4be3-a935-c1e50ddfb02a","179b2f50-e7ae-4793-bcd3-82e34da35011"
"2c256f87-fac2-40cd-a7dc-645147b84169","9a3710e3-7431-4f1f-a273-0bb56a2182f1","179b2f50-e7ae-4793-bcd3-82e34da35011"
"2eaedddd-9a3d-4f96-a3cc-a98067bd4a3e",a99d20cd-b52c-473a-acd1-316ca4ffec59,"179b2f50-e7ae-4793-bcd3-82e34da35011"
"35f9890f-6183-4e8e-a460-950ea9d8ccbc",ebd02357-dec0-4d1b-bc30-e7b7eadd1753,"179b2f50-e7ae-4793-bcd3-82e34da35011"
"387808aa-dd26-447e-a99c-7366f8a72de9","0cba4628-72ca-4894-bd85-6f6af0275904","179b2f50-e7ae-4793-bcd3-82e34da35011"
"40501529-9407-4548-bba0-fbf70f0358d5","80f51852-4cd8-4101-9c8d-4c8c007da0aa","179b2f50-e7ae-4793-bcd3-82e34da35011"
"40dbd3c3-6357-44f6-a673-7a4762ff3a21","85d731f7-2bf2-43f7-b4a7-44385494c463","179b2f50-e7ae-4793-bcd3-82e34da35011"
"51e141dc-82dd-42f7-8697-f0dbd51d2e43","2d7f26db-89c2-45ff-9760-ffda52692ca6","179b2f50-e7ae-4793-bcd3-82e34da35011"
"53d54638-aeb0-4ff6-bb0a-f5a568432e23","8b1f9fe0-2b1d-4f41-a6d7-2fdf8a1d149e","179b2f50-e7ae-4793-bcd3-82e34da35011"
"76193ba7-e86b-4bb6-afe2-26a58ab9b9c2","9c433ec8-e93c-4153-9793-30dc05f92058","179b2f50-e7ae-4793-bcd3-82e34da35011"
"76a534b4-2d62-4803-b248-5a818ad2444c",b2d49d21-4847-44c7-ba17-dd4f9325f622,"179b2f50-e7ae-4793-bcd3-82e34da35011"
"892a02f8-e81f-40d3-965d-f2c2e48f0448","4fba8120-4034-483a-9711-16d052e54156","179b2f50-e7ae-4793-bcd3-82e34da35011"
"8d65e586-c0d9-429f-83e5-23afdb3cd41b","9caf48c0-8c5b-4ffe-b6a0-328a8e0b0f73","179b2f50-e7ae-4793-bcd3-82e34da35011"
"8d9dbdc7-7450-466f-a989-2409f7e23a71","49c89604-7861-45ea-970e-36c8d92c4959","179b2f50-e7ae-4793-bcd3-82e34da35011"
"95015955-016b-4669-a22f-1a8103860dfe","11b8bc39-970b-49e9-abdf-73e33ce57ce2","179b2f50-e7ae-4793-bcd3-82e34da35011"
aa7d2b86-4fab-4874-9989-1cd26d5e9a44,"48fdac21-c947-4ec5-ab52-b25f0ec7651a","179b2f50-e7ae-4793-bcd3-82e34da35011"
bc1e2922-8cdd-480e-8dd7-2ddc0b1ed2af,"8f12f1a1-a7ea-4092-b091-550051088afb","179b2f50-e7ae-4793-bcd3-82e34da35011"
c35ec61b-200b-4967-8127-9a34efb9bf9c,cb2c1a92-1c59-41ef-87e7-1dcfab695058,"179b2f50-e7ae-4793-bcd3-82e34da35011"
c4ecc55e-7264-49e0-9bb0-918aa389c7ed,"916898c2-5ea4-4599-90ea-b03974f41d8f","179b2f50-e7ae-4793-bcd3-82e34da35011"
c6ae6d5c-6f85-409b-b09a-1bb5084ba5d9,"91fa9cdc-4006-4cd9-a3b4-d7dd29700912","179b2f50-e7ae-4793-bcd3-82e34da35011"
c6e0a23f-5f62-495c-8aff-de7025039e34,d6efc098-0351-414c-818b-2eeba23d5976,"179b2f50-e7ae-4793-bcd3-82e34da35011"
ca872d0b-d8fe-486d-8319-0293a5dc1d37,"4f4bb446-cddb-441c-b7c7-c0955e8d3163","179b2f50-e7ae-4793-bcd3-82e34da35011"
d1bc7a87-7d40-4c77-9413-63b61341a637,b1fe5dc5-7d59-483d-b500-c5c089961a56,"179b2f50-e7ae-4793-bcd3-82e34da35011"
df6772bc-115a-415b-a6ee-86a30d4fa5f3,"6d4a4109-6c36-4882-b1ce-4273884fd8e5","179b2f50-e7ae-4793-bcd3-82e34da35011"
e57bc0f2-46a1-46d6-820b-988b37c8ff42,"912f96f5-92ef-4c92-8a16-44bf5bae6ce1","179b2f50-e7ae-4793-bcd3-82e34da35011"
f5e331a8-455d-4c2d-a2d5-cb0069c80da8,be20f988-6ee0-4f3b-a758-d589078c5ead,"179b2f50-e7ae-4793-bcd3-82e34da35011"
fd5c8ce5-e89b-4187-98de-6394735ebf5a,"4d41ae82-9e62-4adc-a2bf-6c5f80daab3c","179b2f50-e7ae-4793-bcd3-82e34da35011"
"04d96ff4-2e4f-4d82-ba1b-ea38ca2a8fde","2e4c0783-afb3-43f0-addf-a0f22262af70","179b2f50-e7ae-4793-bcd3-82e34da35011"
"050fd8a3-d68e-4599-866c-dbf79d6aac7e","1bc27654-999f-4bb7-b8d1-01917bca0618","179b2f50-e7ae-4793-bcd3-82e34da35011"
"23e849a1-c10b-426b-8fb6-beced6ff32ff","1dc6061a-1c77-4da9-af76-afe819442ada","179b2f50-e7ae-4793-bcd3-82e34da35011"
"3a0d343e-2d7d-49ce-bc86-15f4563859ca",f2ad9fe1-3330-48b1-9da6-85ad2ace66eb,"179b2f50-e7ae-4793-bcd3-82e34da35011"
"3bd8912d-ce0d-4d44-a2ab-4ecb4b7ec908","581aba17-2505-45e8-a8f4-1beb04295f8e","179b2f50-e7ae-4793-bcd3-82e34da35011"
"5eb6801f-7fcb-4632-a1e7-76a33ab29bec","5994bd71-fa12-4579-907c-db814cb7c57d","179b2f50-e7ae-4793-bcd3-82e34da35011"
"5ecb1a7f-c702-4d25-bd98-c311e5ff2525",e66c57f9-8989-4f5c-a1fa-bdc2834ca3b5,"179b2f50-e7ae-4793-bcd3-82e34da35011"
"76d6c949-45df-4e4f-9305-0913812333b9","6bfdd3b2-aac1-46aa-96f6-64b139e575a9","179b2f50-e7ae-4793-bcd3-82e34da35011"
"8010caff-f8e2-450a-9482-3796be157ba7","49917ae4-3e13-4592-b8db-7350d3bad480","179b2f50-e7ae-4793-bcd3-82e34da35011"
"9571248e-20c8-4169-99f6-09508e0301c1","6653b142-5be4-4f82-856d-0f6f965b3587","179b2f50-e7ae-4793-bcd3-82e34da35011"
"95f018bd-277f-4be0-8b6b-61575a864085",eac9f615-2079-4254-a33e-29ccdc282345,"179b2f50-e7ae-4793-bcd3-82e34da35011"
"485a83c5-1ba1-4b51-a463-4c91db651edd",c7007134-c399-4911-94ad-3abb3bd29885,"179b2f50-e7ae-4793-bcd3-82e34da35011"
cf48199f-6c1f-49af-9ff7-3dd1a1ed8b8f,"6818be29-72e7-47e0-8407-15aaddad98d6","179b2f50-e7ae-4793-bcd3-82e34da35011"
d29902f0-aab9-41f5-aa4d-8112f232867a,d64a2463-2886-4eea-9a2d-ff1e226cd069,"179b2f50-e7ae-4793-bcd3-82e34da35011"
d4d02270-5a29-4179-8560-d757ee891200,d8a9a23e-8ef9-4c6c-bbef-bd5918883289,"179b2f50-e7ae-4793-bcd3-82e34da35011"
f43accf1-2961-43b9-9af2-f046398fcf5c,"7652fca3-9bd9-4a41-a41a-8800bf33bfd5","179b2f50-e7ae-4793-bcd3-82e34da35011"
f54329bc-29a3-4f44-b9a9-4c06d74fe2b9,de24383f-99fd-4ff4-834e-1db991eb6338,"179b2f50-e7ae-4793-bcd3-82e34da35011"
f7a4851a-306a-4348-bd30-6c6332db71d2,"903f2fd3-f11f-4ef3-913e-2695d3020504","179b2f50-e7ae-4793-bcd3-82e34da35011"
ff7cf0d6-d02e-4d93-89ee-512085562153,"7f9bdfc8-4a61-4f17-8c97-d404edf48b5f","179b2f50-e7ae-4793-bcd3-82e34da35011"
"1062e37b-e514-437d-891d-c8d4929b2e16",b59457df-7961-4ae8-b1d2-c06bc1a68680,"179b2f50-e7ae-4793-bcd3-82e34da35011"
"1a636480-fdac-49e9-bf26-e0c3a8b7701a","885e4e2b-96e8-437f-b3b4-38511ebf0f4e","179b2f50-e7ae-4793-bcd3-82e34da35011"
"28dd42c7-e13f-41e8-911f-55c6c44dec4b",c4c3f1fe-f7ab-480a-b2c1-698742d3fb91,"179b2f50-e7ae-4793-bcd3-82e34da35011"
"2f199178-ba69-4413-84a8-b584bbc54916","89b06497-4006-4dc0-8d2e-bed7d3392c4c","179b2f50-e7ae-4793-bcd3-82e34da35011"
"3556c7e2-8ffa-4753-b08e-58dd5ab99201",b161e8e8-3d86-40fe-b032-be760387c3bd,"179b2f50-e7ae-4793-bcd3-82e34da35011"
"3911e04f-985f-4338-b80d-9f50ecbef419","59b7b554-bf84-4561-8378-6a109d021920","179b2f50-e7ae-4793-bcd3-82e34da35011"
"5bb71b80-0712-4092-9a30-9c5ad798286e",f6dfd636-d2d9-46bf-b235-a10293c21913,"179b2f50-e7ae-4793-bcd3-82e34da35011"
"5d40a067-7da4-4f1b-ac53-d9aa8db68133",ad4f43ae-4594-4a72-9b1a-58c4836df151,"179b2f50-e7ae-4793-bcd3-82e34da35011"
"5e89c604-5ff4-4787-9edc-e8f1a5110610","5fc40e34-0e5f-4161-a786-401c1f3aeaac","179b2f50-e7ae-4793-bcd3-82e34da35011"
"67dfd87f-4656-4e21-bb3b-14b1855ca450","9bd0f7fd-85fe-43ec-a4c5-9fb5f22f6932","179b2f50-e7ae-4793-bcd3-82e34da35011"
"6e4118cd-429d-447b-a989-248cd39e0e3b","8b766cd5-1bc4-44b4-bf8b-3c5d611fbfb6","179b2f50-e7ae-4793-bcd3-82e34da35011"
"6e5b0c70-79ce-4140-ba86-3b28aaf7c67f","8f304e2b-3707-401d-8e8f-e51bad401282","179b2f50-e7ae-4793-bcd3-82e34da35011"
"7235e216-34b6-4165-b119-a7fc2e9763c7","5dfe4969-05e9-48e9-b73d-0fa50d720aef","179b2f50-e7ae-4793-bcd3-82e34da35011"
"8141b18b-ed02-485c-a498-210315002f92","449c94d8-41f0-4551-822f-c601580f750c","179b2f50-e7ae-4793-bcd3-82e34da35011"
"84f52363-9bff-4d86-a8f2-5d2cb77f0c70","8944ab57-71f4-40d4-a923-0bf0b594f846","179b2f50-e7ae-4793-bcd3-82e34da35011"
"8792b833-99ab-4fc7-b635-eb48cc595987",bf19bbd5-9964-482e-b852-b177158d1170,"179b2f50-e7ae-4793-bcd3-82e34da35011"
"8e66a789-5dbc-4a8d-be7d-402b91df6ded","85d4da5d-e1e9-4bf2-b449-ea9eda7a7673","179b2f50-e7ae-4793-bcd3-82e34da35011"
"8f716b04-c29b-4954-b986-8f2eebfd757f","953b467e-0dd0-4ca1-9b27-12b5d35fff8f","179b2f50-e7ae-4793-bcd3-82e34da35011"
"90da2696-53c0-4802-ab4b-9e93496718dd","1d5afb10-67ce-4a21-843d-478458233cdc","179b2f50-e7ae-4793-bcd3-82e34da35011"
"9766f692-bd94-4c0b-a460-155ed505f6ca","8277fe7c-5cbe-409b-8103-03b80e994e17","179b2f50-e7ae-4793-bcd3-82e34da35011"
"9b03ae8d-9def-416d-89bf-6b59b85f5178",b82b4c9b-6f06-49b9-934f-4bcef606c280,"179b2f50-e7ae-4793-bcd3-82e34da35011"
a1b775e1-ab6f-49ce-bdcc-a4fbeb575122,cf02fbf4-027a-4abc-a7bf-8554e8c146e4,"179b2f50-e7ae-4793-bcd3-82e34da35011"
abfcf992-87ab-4a45-bb9b-958a032f5922,cb7f77dc-5ac1-4913-a97b-679f2e60d9d0,"179b2f50-e7ae-4793-bcd3-82e34da35011"
b6741068-fe75-4ef0-9e41-2f590054436f,d773d9a8-3f60-4255-93ab-9944120524c1,"179b2f50-e7ae-4793-bcd3-82e34da35011"
c0238f24-b531-4437-9ed1-2d0f8603b1f1,"31174586-a09d-47c8-b524-9f88fa8af5cc","179b2f50-e7ae-4793-bcd3-82e34da35011"
ca751cfe-36f3-4a6a-b34a-9d27694f3f3e,eb008fb8-5afa-4f23-b9eb-c6e059e2ec44,"179b2f50-e7ae-4793-bcd3-82e34da35011"
dfc3497f-c862-4d6d-868b-b5962da5354f,f2e7216b-3d82-4515-95d2-c257813d88e4,"179b2f50-e7ae-4793-bcd3-82e34da35011"
efee68e7-f694-4f8e-a54a-4cd9a6505814,c9602404-9c85-4211-bd85-f1c74fb6dce7,"179b2f50-e7ae-4793-bcd3-82e34da35011"
"043b84cc-dceb-4662-9d3c-ed7ce6d0be73","2e7cf3a3-dcb2-4004-96c8-5fe8dea6bfb4","179b2f50-e7ae-4793-bcd3-82e34da35011"
"05b5be1b-b48a-434f-92ff-fc7462392241",d68640f9-bc34-4e32-a837-e7cd9f3b1260,"179b2f50-e7ae-4793-bcd3-82e34da35011"
"0af3c3f6-bd7b-4bb2-8b30-bc5540127973","4f6b8207-391d-4ca2-b3b9-d0056f5aaab0","179b2f50-e7ae-4793-bcd3-82e34da35011"
"157aab83-c9d2-411b-9d9c-c1b68c8d8a4e","9d7153b6-6fea-475d-8dc8-103fa55a7dc1","179b2f50-e7ae-4793-bcd3-82e34da35011"
"1ed660f7-8de3-48bf-b7f9-dde69989dcda",f649e2d7-f604-49dc-8b98-81ced5d64ae6,"179b2f50-e7ae-4793-bcd3-82e34da35011"
"20c80ab3-e674-4cb3-af92-352971ba0a18",a75f4d21-1dd6-42f7-b0ba-65fe2255429a,"179b2f50-e7ae-4793-bcd3-82e34da35011"
"2f963390-c17f-417f-b7ed-646cec7bd8eb",c4d93604-ec14-4745-8121-3e25015cadda,"179b2f50-e7ae-4793-bcd3-82e34da35011"
"3dd3d009-c8d4-4cdd-8aeb-5e0823f73ada","4c63c847-7074-4133-ad94-8cf95e25eca6","179b2f50-e7ae-4793-bcd3-82e34da35011"
"51a87e8e-c85a-4e94-a0d3-9db4ffacdd16","9988434f-8e4a-4c1c-b0af-a70c2f1b21b4","179b2f50-e7ae-4793-bcd3-82e34da35011"
"60dd94e6-8a8f-4dda-a57e-69999ebfe8cc",f21df20f-9dfc-4aa8-93c8-d347f2ced68e,"179b2f50-e7ae-4793-bcd3-82e34da35011"
"66e8eb64-dd32-4fd1-977e-03e212b03abc",ddbb813a-a376-4d3b-bfa8-cab170b93b21,"179b2f50-e7ae-4793-bcd3-82e34da35011"
"803e82c3-b324-4f90-b8ed-129c150d8696","6dfd2883-e883-437f-aa56-35b1d760dca3","179b2f50-e7ae-4793-bcd3-82e34da35011"
"80e23b66-dcc7-48ef-a476-57069b85d338","8bb01c3f-1c04-4a23-a82e-c24872785e12","179b2f50-e7ae-4793-bcd3-82e34da35011"
"88030905-d006-4b6f-993d-e3fcf2e417d1",d67c997e-ae67-4578-a788-e375b6bc9dbd,"179b2f50-e7ae-4793-bcd3-82e34da35011"
a64d269a-83a2-47b4-be0d-30c1804915b6,"926b660d-81cf-4717-b6cd-11a035404d6e","179b2f50-e7ae-4793-bcd3-82e34da35011"
aabc661f-546d-4d45-b031-4937ae922de2,d1ad954f-02a8-45a2-9373-803851f57264,"179b2f50-e7ae-4793-bcd3-82e34da35011"
ab0874f4-dad5-4b85-8c1f-17b8305ec1bd,"03f4df1b-7922-41c2-9511-e869cbe98732","179b2f50-e7ae-4793-bcd3-82e34da35011"
b829bc80-be56-45de-9fbc-11ecc08461a2,bbc0c8da-fafe-461c-8575-b56391e5710d,"179b2f50-e7ae-4793-bcd3-82e34da35011"
c6200b30-d9b0-4d86-bc00-8597fac2bdb1,"453722c6-4298-4854-8eb8-b75558aba021","179b2f50-e7ae-4793-bcd3-82e34da35011"
c77cbb44-f983-4d21-8792-b432a8c35eae,d2ac382d-59c0-4b00-8043-e91cd4e18026,"179b2f50-e7ae-4793-bcd3-82e34da35011"
c7c1881f-8af6-47e5-be90-d600195dcd83,b1d5b196-76c4-43da-aad6-03fe0cfe93e6,"179b2f50-e7ae-4793-bcd3-82e34da35011"
ce8be5d8-8f9c-45d9-be7f-f05053cbe0e3,e5980fa5-002c-4360-bb02-935e489b07f2,"179b2f50-e7ae-4793-bcd3-82e34da35011"
d29b4753-951c-4be3-8b80-a4d5d387f601,"2c25c8b0-27d6-4ad9-80a0-13552078b1a0","179b2f50-e7ae-4793-bcd3-82e34da35011"
d6d7a32a-ee4d-4628-89d4-175d4095b6db,"0ea1d91a-e529-4c14-a40a-b9c374e48842","179b2f50-e7ae-4793-bcd3-82e34da35011"
d830c3f9-1de9-4d21-a49f-3285fb61ce2c,"83f1b50c-b3d8-4af1-984e-d08c0309cd9c","179b2f50-e7ae-4793-bcd3-82e34da35011"
e6e4f724-0d00-4346-bc3c-44bb8694fe6b,"526bc26e-5074-40bd-a28e-186bb494d092","179b2f50-e7ae-4793-bcd3-82e34da35011"
ea6c9188-9224-4c73-ac7b-94803752bf95,bdb8be32-be42-4e9a-bf4d-98c415db7f99,"179b2f50-e7ae-4793-bcd3-82e34da35011"
fb28e78d-d9bd-473d-9e79-a0491cc2e5c1,"50361e98-1906-44ba-9e78-e79c8561f923","179b2f50-e7ae-4793-bcd3-82e34da35011"
"05c2cd7b-ba0b-49a3-9a20-4f178bf083fb","51323f7d-20b1-4717-afb1-d054dc6b3789","179b2f50-e7ae-4793-bcd3-82e34da35011"
"08ada731-a928-4519-a154-c08265ba9bb9","87d6e6e0-0974-4858-bb53-3916bb0423d2","179b2f50-e7ae-4793-bcd3-82e34da35011"
"0b30dfaa-3124-47c3-969d-055e65f79198","59d70b5d-5b06-4366-8376-feb6dcfe18a2","179b2f50-e7ae-4793-bcd3-82e34da35011"
"0fea6c86-897a-4ebe-a6d1-4557e08f0e14","67d73add-6410-42d5-9000-bb8a728abd9a","179b2f50-e7ae-4793-bcd3-82e34da35011"
"10cf7565-4107-40a0-98d3-fc9a95565b0c","98a21107-36cc-4a40-9e34-13132ccc202b","179b2f50-e7ae-4793-bcd3-82e34da35011"
"1a39a87b-cbda-443f-ad82-7809f365ebda","9a763655-e970-4c77-914f-13ca32124db0","179b2f50-e7ae-4793-bcd3-82e34da35011"
"287b9418-7c15-4373-87f3-adf046f897e7","8e8345a6-1848-45a4-98de-78c7d423b335","179b2f50-e7ae-4793-bcd3-82e34da35011"
"2d95a295-2922-400f-a96b-a5bf96516c3c","2a5eb2db-d374-4a50-a358-a0373965f69c","179b2f50-e7ae-4793-bcd3-82e34da35011"
"47003b85-c851-4056-bd6f-5a2ac6246b46",a81c7dc6-c8f4-4201-8876-081a57185692,"179b2f50-e7ae-4793-bcd3-82e34da35011"
"53d6d52f-42f0-4755-8c9f-6f89859ce864","5563cdb3-f3d7-409b-8818-545ae750196a","179b2f50-e7ae-4793-bcd3-82e34da35011"
"68d9d9bb-c089-4ad9-bf15-3c0ef136b3ec",a2d71f18-7de9-4a7c-a61a-6a3dbef06fa0,"179b2f50-e7ae-4793-bcd3-82e34da35011"
"6d6a8577-a34d-4e8d-9148-3e99a3cface1","7ba9bab8-9d07-4508-9104-2790e2102df9","179b2f50-e7ae-4793-bcd3-82e34da35011"
"75c93eb2-4807-46b0-b7da-89910db198e4",bc3599a6-4a24-4fa6-bb5b-ade84b00b5f3,"179b2f50-e7ae-4793-bcd3-82e34da35011"
"823e9925-608d-4680-b47f-249ed264cf84",ec226722-3779-480a-bf4e-a0b39da868e6,"179b2f50-e7ae-4793-bcd3-82e34da35011"
"855458c7-39e2-42e7-9afb-e021e002c3b9",bb5593c0-2438-4c8e-a036-111bc85957d7,"179b2f50-e7ae-4793-bcd3-82e34da35011"
"8d46d557-2a66-4e77-8c94-ba47dcde0f84","3f8a9069-4efa-478a-9dbf-5228becaaeed","179b2f50-e7ae-4793-bcd3-82e34da35011"
a036c46e-7b7d-45e4-afcf-ee84caa98952,"0947da06-7d67-486c-985a-42aa2acad1df","179b2f50-e7ae-4793-bcd3-82e34da35011"
a92533a7-bd45-4862-aaa1-5e4460f1e79c,c8279e0b-49f6-4ec2-ba10-a58334e9e824,"179b2f50-e7ae-4793-bcd3-82e34da35011"
ae3fba51-49f4-4567-9f3f-e7fb91c115ef,"15ab3df2-f85b-4130-9df1-2e454a4481cb","179b2f50-e7ae-4793-bcd3-82e34da35011"
be3bdf05-b4f5-42ad-9ba2-c3c5a11b206a,a1a465de-cf84-4fe4-8c32-40ddd4f3d188,"179b2f50-e7ae-4793-bcd3-82e34da35011"
c2570499-3dbb-4db0-af70-380d31b700e7,"58d372ae-1ce7-4a55-9320-77f5fd2e8044","179b2f50-e7ae-4793-bcd3-82e34da35011"
e2a5749d-74d9-4794-b83f-70e777eacd69,"79f4ce49-5a57-426f-892d-246a77497e9d","179b2f50-e7ae-4793-bcd3-82e34da35011"
f70c42a2-1dda-4b5a-9066-348f256b2b90,"26745aab-8458-4c4d-a5e3-60844a4a1426","179b2f50-e7ae-4793-bcd3-82e34da35011"
fd2cec86-d5b2-4069-801d-99a9dae9946d,"9326e0b4-9dfd-4aab-8d5e-ee6eab986661","179b2f50-e7ae-4793-bcd3-82e34da35011"
"083f4fd6-ec4b-4fb6-9d1c-77e5a6d18237",a8a9152f-49fc-4d17-a877-cf2dc489c133,"179b2f50-e7ae-4793-bcd3-82e34da35011"
"0fef50f5-2231-42d8-afef-7742c26b0513",f3dda55e-9900-4440-9de5-c6798761bade,"179b2f50-e7ae-4793-bcd3-82e34da35011"
"1b0b7688-248f-4010-a3d1-2fecac2fcd0a","0a3e9254-3553-4e6b-bc2e-b7492ed260f8","179b2f50-e7ae-4793-bcd3-82e34da35011"
"283ef9ad-06cc-408b-bdd4-2d5d97ca6f74","3f9824b0-c2f5-4401-b4c0-8b7cf9a58bf4","179b2f50-e7ae-4793-bcd3-82e34da35011"
"2929960e-319d-45b0-9f25-6e462cd98c98","76514318-3a55-4aab-b314-a0ea3fe6db43","179b2f50-e7ae-4793-bcd3-82e34da35011"
"30b2f5b7-d8cb-4ab9-ac11-4ea81fb2c19b","2c20252c-b51f-478f-b686-efcb033cf2cb","179b2f50-e7ae-4793-bcd3-82e34da35011"
"3f8cb8bb-6332-42de-8d34-1682a67a6773","7101ee73-28cd-4bc7-b289-d14077cf9ba2","179b2f50-e7ae-4793-bcd3-82e34da35011"
"416e0138-a668-4f52-b7ec-652a1353299b","90b61d34-2e54-4bd0-87d4-640087a5b34d","179b2f50-e7ae-4793-bcd3-82e34da35011"
"4a4e1aea-5fec-4cf5-8eb4-dcb1953f776d","1fe48068-5025-411d-b68b-d06bf384a32d","179b2f50-e7ae-4793-bcd3-82e34da35011"
"55156973-8035-4b00-bed7-9cf2b44022da",caad53a9-5650-4981-95bd-43e0f233ecba,"179b2f50-e7ae-4793-bcd3-82e34da35011"
"5cd4e1fe-f657-4534-954e-a339d6bed713",fdb39114-3c45-4193-a402-a510b40208aa,"179b2f50-e7ae-4793-bcd3-82e34da35011"
"5e701a59-1cbf-4809-8d2d-1edc8bde8cb3","38970153-9c63-4e11-a321-f20ad2507e19","179b2f50-e7ae-4793-bcd3-82e34da35011"
"6ee9d147-f3e7-4639-8247-f686888141c1","70cd2f58-1440-4ea9-88e7-df7de2a9dcc5","179b2f50-e7ae-4793-bcd3-82e34da35011"
"71050fa6-db3e-4d61-8918-e633c615b52e","161a6e9f-bd7d-4980-ab1b-7ce225f4cf2e","179b2f50-e7ae-4793-bcd3-82e34da35011"
"799c2ab2-1c3c-455a-bd4c-b56012fd9060","46ca311d-c33a-423c-aed2-f8f6ce1e6a30","179b2f50-e7ae-4793-bcd3-82e34da35011"
"820ba67c-867e-4d3f-97e9-7a49e22dbd7f",d01afd4c-35b6-472f-8195-af9a593a628e,"179b2f50-e7ae-4793-bcd3-82e34da35011"
"860456b7-452a-4001-b0eb-5c253e4256f7",f9fc0771-fa8e-437b-8890-bb2ee72864aa,"179b2f50-e7ae-4793-bcd3-82e34da35011"
"8e62be61-1549-4f6d-94da-52337ae14ded","97d86984-583a-40e7-ac39-08400cf2b063","179b2f50-e7ae-4793-bcd3-82e34da35011"
"91ea1022-8867-460b-891f-45e0c706ce89","91e1b6dc-fe0b-4d7f-9452-c537d47f9879","179b2f50-e7ae-4793-bcd3-82e34da35011"
"93f45420-6bcb-4ae6-b8db-b9a931b3589b",ea0c439a-e297-458c-8491-c6d61ea292e0,"179b2f50-e7ae-4793-bcd3-82e34da35011"
"9647df50-d6fb-4511-844b-4bbcc4bbcb7c","0a1b429a-4042-4421-ad33-4cee7e01eb43","179b2f50-e7ae-4793-bcd3-82e34da35011"
"9b053f21-ee3b-4aef-9cb9-88369588e1cc","22a1c6d0-c7b7-4576-a3da-e509b53b1680","179b2f50-e7ae-4793-bcd3-82e34da35011"
a25b3de8-8fc1-4e3d-aabf-a52fac3cf327,"69bbea1c-80b8-4be1-aeca-2b2d1a20e272","179b2f50-e7ae-4793-bcd3-82e34da35011"
b0f6a45f-419a-4c06-8b0c-71b369cca90a,cf6c0d0b-24a0-4a50-912c-05e4e87710cc,"179b2f50-e7ae-4793-bcd3-82e34da35011"
b6fbbe01-1637-4afd-b88b-b10a484043d9,"952ea4bd-45f2-4578-8a6b-05992e7bc7cb","179b2f50-e7ae-4793-bcd3-82e34da35011"
c423c9d2-61e4-4116-8d3b-182cedf3ba98,"975db3eb-4073-4de0-bf22-62f86daa5e5e","179b2f50-e7ae-4793-bcd3-82e34da35011"
e21152e6-2250-4afe-b089-94addfa04859,"8d0bccb7-36f8-48f8-81d6-acdbded27e1b","179b2f50-e7ae-4793-bcd3-82e34da35011"
f7526042-668f-4148-ab1c-39ffae79c18f,"137ee074-b698-4bef-a57e-ca8ace1bee22","179b2f50-e7ae-4793-bcd3-82e34da35011"
"04a9c08a-18bb-4a87-bbe0-991c40a3bdf0","28cbfed6-b22f-4091-ac42-5f2364a72459","179b2f50-e7ae-4793-bcd3-82e34da35011"
"08a66bf7-d593-4af3-b09b-31c482f7a8d7","06314515-dab3-4d2b-9d28-60bb6f57cf61","179b2f50-e7ae-4793-bcd3-82e34da35011"
"0ad9fef3-be0a-41a1-ae41-87fc552bd927","163dd3f2-602a-4a9f-80bb-c5bd19810e7b","179b2f50-e7ae-4793-bcd3-82e34da35011"
"0c9d4cd4-ec2a-4384-9288-43ea16751d46",bfe57611-83d0-4557-8cf3-75eebaca81c5,"179b2f50-e7ae-4793-bcd3-82e34da35011"
"199abddd-400e-4028-8f62-2b73b98c32b7",fde98efc-784e-4002-b80e-ceb3575a7624,"179b2f50-e7ae-4793-bcd3-82e34da35011"
"28819e67-0007-4fa1-8279-1f5ab2eda936","6b388387-32e9-40fb-b0ae-3b711e255244","179b2f50-e7ae-4793-bcd3-82e34da35011"
"2a9300ea-c4a9-4b20-be9e-26ea485f0981","2c43ed01-85b7-47e5-81cf-b370b86a31e6","179b2f50-e7ae-4793-bcd3-82e34da35011"
"3b524277-d548-444c-8e5c-9e65979221d6","1e1481b5-4cae-4697-97a0-e17bc18d0b8c","179b2f50-e7ae-4793-bcd3-82e34da35011"
"3d20acc5-cf38-43da-8258-263124056d2c",fdb09361-ea19-4af3-9cc0-d68ade26472b,"179b2f50-e7ae-4793-bcd3-82e34da35011"
"3edcd378-dd21-4879-84e6-170f72fe6cc3","8e5d49e6-c195-4e73-b970-d3f5ae8a27c4","179b2f50-e7ae-4793-bcd3-82e34da35011"
"45aa6c8b-e354-4890-adad-0732c0137781",dcb79936-3680-4291-8d16-9528554eb648,"179b2f50-e7ae-4793-bcd3-82e34da35011"
"4fdcb2bc-3598-442a-bf3a-33cb4b7f18ca","7ed453a6-f5d3-4692-98e7-1c211906d69e","179b2f50-e7ae-4793-bcd3-82e34da35011"
"50f72128-9fad-4aa8-b623-e526d4529c4a","93a13d4d-3755-4a64-b8d8-05dc2b197579","179b2f50-e7ae-4793-bcd3-82e34da35011"
"5cc1a099-cdaf-4dba-be0f-3094e55dfd3f","7aed4b1b-585b-4d84-9a26-43990217f2f7","179b2f50-e7ae-4793-bcd3-82e34da35011"
"632241b4-29da-4a8a-95d8-98ed51febadf",f611e88b-0a44-4233-9bdb-dd49759c533d,"179b2f50-e7ae-4793-bcd3-82e34da35011"
"639d578f-cf07-48e1-9de3-0d3a536a8a28","35efe0d7-c0b7-4d40-8dbe-984301cc644c","179b2f50-e7ae-4793-bcd3-82e34da35011"
"8b36c7af-e279-4664-90c5-27cd27df3cbb","6cf51efb-3e8d-4d7b-8ac4-77fad968a1f3","179b2f50-e7ae-4793-bcd3-82e34da35011"
"8e4b3629-ed14-42d5-bb0a-fd6b870860f9","1098fb6a-614d-49d9-b709-3dd21e26a13b","179b2f50-e7ae-4793-bcd3-82e34da35011"
"92a055bc-a6a0-4f19-8db3-56d0b7b1cfef","88064aae-de85-46e6-910f-aae8fe120a88","179b2f50-e7ae-4793-bcd3-82e34da35011"
"9f0b99a7-c79e-4aef-bb45-2eebd098e7df",e2c427dd-1a98-4344-9a29-56197ee2694f,"179b2f50-e7ae-4793-bcd3-82e34da35011"
a2e2b387-7cd5-4527-9577-0f004bc584f4,"9f650138-7804-4b52-845d-39fef822c84d","179b2f50-e7ae-4793-bcd3-82e34da35011"
ac79e5b2-0f53-4562-bfd8-09847f25d722,"20a26bf4-ef86-4d35-b748-bd5918839749","179b2f50-e7ae-4793-bcd3-82e34da35011"
b93a75d0-b034-401f-94de-033908247525,f43f24ee-c54f-4977-8cd3-43623f384bbc,"179b2f50-e7ae-4793-bcd3-82e34da35011"
ce7d943f-4018-4cb0-ab61-05346d2a588c,"5a6537e5-1061-4989-8e0e-7d0be7d93ece","179b2f50-e7ae-4793-bcd3-82e34da35011"
cfdeec67-9ca4-4486-b860-601e79d57a23,"1d7563e8-4047-49ec-a2ba-24138f3ffc2f","179b2f50-e7ae-4793-bcd3-82e34da35011"
dddefce0-4c3a-4ca0-b3b9-0dfa1ccbbe8b,e5bb11d4-34a1-408b-acfd-e8398195b7ef,"179b2f50-e7ae-4793-bcd3-82e34da35011"
f78dccd6-2d44-40c9-8d2f-b7857afc02d3,efe3692b-1059-4111-a4ea-244d70b44b3a,"179b2f50-e7ae-4793-bcd3-82e34da35011"
fa152259-f204-4128-addf-dc832714ed31,dcbba72c-25de-4f45-90e7-43d91f8e679b,"179b2f50-e7ae-4793-bcd3-82e34da35011"
"0c9d6d32-8dae-4f04-b446-819ebd15c733","45dc568a-93d4-471e-a0c4-c7dc7a774222","179b2f50-e7ae-4793-bcd3-82e34da35011"
"1471d1da-d1fd-4e9b-8968-e0b2d6a7f3f1","90d9552a-40c5-4c25-9fb5-2e04836631a3","179b2f50-e7ae-4793-bcd3-82e34da35011"
"1ef3dfed-ad22-4afb-b77c-2f676901a9ff","0583ab76-0954-4c3e-b743-c8cc8592396c","179b2f50-e7ae-4793-bcd3-82e34da35011"
"31338aee-94c6-4d1a-922c-73eecf5dbadf",e12b4947-867a-4f54-a06c-2e014101e2e2,"179b2f50-e7ae-4793-bcd3-82e34da35011"
"35833e42-553a-484f-99c8-64b2ca6ba44a",a7b734b5-a50c-4cf6-9cb0-459f2965c8cc,"179b2f50-e7ae-4793-bcd3-82e34da35011"
"3f9efca6-6026-40b1-99e1-558d240b6553","60de3dce-e508-4a72-b0a5-8ba80d794d3d","179b2f50-e7ae-4793-bcd3-82e34da35011"
"58b8cdf0-407a-48b5-ae90-6cda00f517eb","382fccd6-f7cf-4667-85a6-5538fbf461fa","179b2f50-e7ae-4793-bcd3-82e34da35011"
"63c9f151-9755-4ad2-ae42-45cf8f26e4e2",c40831ad-2d95-4185-8e08-791518438e7e,"179b2f50-e7ae-4793-bcd3-82e34da35011"
"666a42e6-da1b-4071-a08c-1d4c139c7e59","54c10191-bbf6-4c1b-b89f-a9a47fa3c634","179b2f50-e7ae-4793-bcd3-82e34da35011"
"6be6a621-7ccf-4eb3-86b3-e71c20f6f8a6","8e79dac3-26e0-4b96-b671-4ff7f533347a","179b2f50-e7ae-4793-bcd3-82e34da35011"
"7433eea1-0f6a-4362-ba96-ee3b71d29543","307d3391-125d-4a3c-99c8-0bbb50d57562","179b2f50-e7ae-4793-bcd3-82e34da35011"
"78b840e4-76de-44b2-bb25-f6e2f39eaba9","5c9ede77-71e3-48c2-b27a-549ecf8e1ee4","179b2f50-e7ae-4793-bcd3-82e34da35011"
"7d11d7bf-2b04-4b42-9f36-8cb434b7d44d",ccc61f93-16ad-4e98-8a53-8a3599fcb560,"179b2f50-e7ae-4793-bcd3-82e34da35011"
"81712711-b4e4-423b-9cfb-417bef3e0396","83e0cfef-f68d-4f3d-b00a-040fcfa7f027","179b2f50-e7ae-4793-bcd3-82e34da35011"
"82231709-b2e3-450c-a7de-e3f6759f12cd",daf5635a-59ac-48c0-9b7f-b342b4df7f9e,"179b2f50-e7ae-4793-bcd3-82e34da35011"
"82bef571-7294-477b-a9ec-813b10edf0ac","9860b2ff-f904-4de7-aac3-e9d94dff5e4b","179b2f50-e7ae-4793-bcd3-82e34da35011"
"8ee2a886-5881-420c-983d-76b2cdc1b116","537b8592-d00b-45b2-a73b-52aaef5d30ef","179b2f50-e7ae-4793-bcd3-82e34da35011"
"9f2266c2-80f8-45f7-a929-79657dc4ae94",d6d8ec53-d187-4687-96ee-5b28886c2cd4,"179b2f50-e7ae-4793-bcd3-82e34da35011"
a7975737-5768-4746-94f8-0efbac092caf,cef6e595-9bbf-4f25-ba43-91cbfe6b0a8e,"179b2f50-e7ae-4793-bcd3-82e34da35011"
c605adbb-4c9f-4350-b325-2b9c7aef286e,de3ac4bf-9bd2-4699-ab3b-61932c057fc7,"179b2f50-e7ae-4793-bcd3-82e34da35011"
d2e6bfe6-8d3b-45a7-98db-0b84b528820d,"71a7501b-6814-46f5-979d-637b30d2e092","179b2f50-e7ae-4793-bcd3-82e34da35011"
e9a2a0b9-e6bc-4fc7-bf9b-edebc7ee27bf,"18cc602d-4123-4446-bda2-7712981fbfcc","179b2f50-e7ae-4793-bcd3-82e34da35011"
eeca8dd6-d1fa-46ce-8bae-19adfa89e7b4,"46a99683-9d80-4bcc-861a-488b70e86aa4","179b2f50-e7ae-4793-bcd3-82e34da35011"
efb46873-31cd-4ef3-a2dc-9e92bfc3fec3,a3b80f7f-3a75-4a38-938e-08f64078e232,"179b2f50-e7ae-4793-bcd3-82e34da35011"
"0c6f72d9-cc0d-4b08-94a4-fd0c154e5da1",b45e681c-9905-46f3-8ee3-a45b7dafb7ae,"179b2f50-e7ae-4793-bcd3-82e34da35011"
"179d6bdc-9462-4625-ab27-df1ce12abd26",c885e29f-525c-4d45-bdf6-cef4da10993e,"179b2f50-e7ae-4793-bcd3-82e34da35011"
"28fc582b-6495-4ea5-88c7-80cd7256d78d",da5a7697-a249-4fcf-b27a-435bdc973310,"179b2f50-e7ae-4793-bcd3-82e34da35011"
"2f3f43a0-1e2c-4c93-8fbb-7f8489767bb6","5f70668b-5084-4db5-8b74-ef31f1d825e0","179b2f50-e7ae-4793-bcd3-82e34da35011"
"37bd67a7-c356-4e82-ba80-d63da347cffe","1cb90291-e410-46a9-82ef-346a226d75c2","179b2f50-e7ae-4793-bcd3-82e34da35011"
"38a58c31-a248-4abf-a1e1-542f9d5db96f",ea94eb71-1b26-499c-a334-f3a3d3411eef,"179b2f50-e7ae-4793-bcd3-82e34da35011"
"4bad6cda-2b05-4d8b-aa6a-8ca4238c7093",e98cf3b4-4cd5-4210-82d5-c651fed721fc,"179b2f50-e7ae-4793-bcd3-82e34da35011"
"5a54ccda-c964-4689-b765-30b19ee449d2",de271f11-7085-4257-9d96-db719d3d6ccd,"179b2f50-e7ae-4793-bcd3-82e34da35011"
"62e056c5-fce6-46b8-af61-07098f791260","308fef45-4927-40a1-8cb9-a19de11b70e1","179b2f50-e7ae-4793-bcd3-82e34da35011"
"73e5016d-c747-46b3-8c2e-769b6db2836c",b172d428-384a-47f6-bc37-c2bef409a102,"179b2f50-e7ae-4793-bcd3-82e34da35011"
"75340a64-760c-4752-b506-74fe68776960","2cdc3257-4548-4839-a859-db3faf02ea67","179b2f50-e7ae-4793-bcd3-82e34da35011"
"806ebb24-74b7-45be-865d-5394791f7b8a","3107dabc-df83-4751-99ce-beb1fde7ecd2","179b2f50-e7ae-4793-bcd3-82e34da35011"
"848c5465-5acb-49eb-a2df-35ca3df57689","2ae731ae-155f-491d-8a2d-d3ce935cbff0","179b2f50-e7ae-4793-bcd3-82e34da35011"
"98cd314f-9a4f-4efc-995b-919de09d5af9","9161b3ad-0140-419a-aaae-c30d24b53ddb","179b2f50-e7ae-4793-bcd3-82e34da35011"
"98e271d8-ad81-40bb-b00f-5a19be68b6a2","3e04fb5b-e33a-47e8-bb56-c40629f10691","179b2f50-e7ae-4793-bcd3-82e34da35011"
"9d0c756a-1a0e-4e2e-81b9-4f5ad7cc3e19","834ffd82-9143-4a56-951d-fbad745f0b44","179b2f50-e7ae-4793-bcd3-82e34da35011"
"9d354acb-8010-4bf3-8721-dff663427141","2a6e70bb-c89e-47db-a36b-4aaed62c751f","179b2f50-e7ae-4793-bcd3-82e34da35011"
b9601e27-b0d5-4ed3-a9f8-bcacf96b6b5c,"9c4d96de-bdd7-4efd-90f9-4491eae801dd","179b2f50-e7ae-4793-bcd3-82e34da35011"
ba325251-8a7e-4998-8329-b2de64acadec,e59cff90-c54f-43ce-890d-4a6aee27a768,"179b2f50-e7ae-4793-bcd3-82e34da35011"
bc8d200e-923b-4506-a87d-7c9ab4872a51,"061edfcf-7881-4f7e-814d-99f4a030f424","179b2f50-e7ae-4793-bcd3-82e34da35011"
c3ba15b4-e0f6-4a59-9b6a-814fcc5fad2c,"09f910d8-85c1-4bb3-a41f-00e17d13bd1b","179b2f50-e7ae-4793-bcd3-82e34da35011"
c7d21004-a441-4021-b309-bd226d043dba,d6831693-f6f9-48e4-adc8-bed058dcc742,"179b2f50-e7ae-4793-bcd3-82e34da35011"
e3806dae-d52b-473a-af2f-12de93edd1a4,db3fc08d-fa1a-432b-94c0-49f02cfe2333,"179b2f50-e7ae-4793-bcd3-82e34da35011"
e59e247d-28d6-42b3-b4ab-9f65904315cf,"3faee78b-1760-4efd-a5a7-d657b0d135b3","179b2f50-e7ae-4793-bcd3-82e34da35011"
e84b2bff-5d54-433a-b7fd-35871e4713f2,"23ab4f17-ea25-4efc-a48c-4f9db107762f","179b2f50-e7ae-4793-bcd3-82e34da35011"
f04cefbb-46e0-4dc7-9455-cebc8cfc8cd7,c152e204-6a5a-439b-bcf7-7cb76c940389,"179b2f50-e7ae-4793-bcd3-82e34da35011"
f1cacd68-977c-45df-8e44-e737964adba9,f0291fa5-b714-452f-a11c-620fab0bdf8a,"179b2f50-e7ae-4793-bcd3-82e34da35011"
"01db6bf2-e0e0-4460-bc79-c084878b721a",bf682510-524d-4d98-be5a-d8ca7f4d6e90,"179b2f50-e7ae-4793-bcd3-82e34da35011"
"13fb31d0-dc6b-4f18-8217-65531c00ed8d","9c32d9ec-4019-44c7-b443-7172cc4fe9ff","179b2f50-e7ae-4793-bcd3-82e34da35011"
"17cfac3b-6cc3-44d9-91e3-746192c2deaf",b31f2f7b-d35f-40d9-b25c-058c6f4fe28a,"179b2f50-e7ae-4793-bcd3-82e34da35011"
"285258e0-446b-4057-b71e-5254bf3e71fb","89536176-3ba5-4a44-87f8-db43b80f1b6c","179b2f50-e7ae-4793-bcd3-82e34da35011"
"2f5d940b-b5ad-40eb-925d-7c7f7cec9092","73d31f26-1417-4c4f-8de4-6dbe6811491a","179b2f50-e7ae-4793-bcd3-82e34da35011"
"31410fb3-16b8-4f7d-9a16-9f1b0850c5ee",da75f5bf-0e09-4418-8bd5-cf9928e7a98b,"179b2f50-e7ae-4793-bcd3-82e34da35011"
"37f80e1e-8ebd-449f-8b14-727bb561cb03","59ec80b9-2db3-40f9-b65b-d791fd509ce6","179b2f50-e7ae-4793-bcd3-82e34da35011"
"5355bde7-a195-4a3f-905f-52cdf19f8980","85f3deb0-a922-4506-8b78-8a85a1df6c02","179b2f50-e7ae-4793-bcd3-82e34da35011"
"560db2ed-fa89-4747-9b7c-df3671a1ad2d",bb8dbb0b-7111-4124-b566-21626cd0a6fe,"179b2f50-e7ae-4793-bcd3-82e34da35011"
"5d8006d8-615b-46c1-99e5-92e32490ddb3","531bc02e-eb69-49f5-9336-e91626096830","179b2f50-e7ae-4793-bcd3-82e34da35011"
"69a97bb9-faba-495c-9bbc-2acbeff8010a","77b21787-a85d-4bea-bab9-aa2e112b7e7f","179b2f50-e7ae-4793-bcd3-82e34da35011"
"9b163e46-8ccc-438c-9c6f-cde178e8fa92","3f572a65-f4d9-4bcc-aae3-17e2a435189a","179b2f50-e7ae-4793-bcd3-82e34da35011"
"9e6f9926-3a1e-4ccc-bca4-670dd70721f8",c934f4fd-a68d-496e-b972-0f03155be9a1,"179b2f50-e7ae-4793-bcd3-82e34da35011"
a13d4032-61df-484d-a4ca-218cd86b1516,"79fee740-624d-49c4-a8e5-cf782ef82f5d","179b2f50-e7ae-4793-bcd3-82e34da35011"
a7706b98-b410-48b8-96f7-70f47f762dfc,"2f3b6a72-d864-41dc-9dc7-d24dd7d898f2","179b2f50-e7ae-4793-bcd3-82e34da35011"
b7e839ee-1410-4643-b3c4-30dc63e24d91,"478a2ef0-ccf1-4caf-a242-810d3ad02f53","179b2f50-e7ae-4793-bcd3-82e34da35011"
dc2c58d2-cd44-46b0-96f1-9e34c9890e92,"5c8687c7-ee95-44f0-8a5c-b9eb7441521d","179b2f50-e7ae-4793-bcd3-82e34da35011"
ebd4ff91-8579-4371-8489-b838a31d12d8,"40e1d404-b20b-4238-9237-883a62d25d3e","179b2f50-e7ae-4793-bcd3-82e34da35011"
"70dfb377-576f-4945-9299-581db2c97a40","4b36d236-b040-4923-a35e-333bfbfad900","179b2f50-e7ae-4793-bcd3-82e34da35011"
"791a1b51-137c-4392-9fb4-f18f27aca360","079d1636-72c0-4d92-a456-0d63a9ce3be7","179b2f50-e7ae-4793-bcd3-82e34da35011"
ebf211a6-4963-4b83-8cb0-e151b9850122,"98872a68-a29e-4191-a18a-aa8298942143","179b2f50-e7ae-4793-bcd3-82e34da35011"
ee57d288-ffde-451c-a265-db4eb5ce0404,"78a1e389-8387-4c81-b396-9f0e271f8c7e","179b2f50-e7ae-4793-bcd3-82e34da35011"
efd009ce-f7de-4f35-b569-9ae4dfb2edfb,"1608df8c-d356-47ea-9bea-ba38794eb40d","179b2f50-e7ae-4793-bcd3-82e34da35011"
eff8d143-cbda-4d3e-8436-fc77623900a4,aab4232e-ef46-4f99-84a6-231e923382e3,"179b2f50-e7ae-4793-bcd3-82e34da35011"
fdad9c8d-b5f7-4486-bdc7-6c9f39d9aac8,"5ab4cb78-4d19-43d4-a5c6-5fada207b098","179b2f50-e7ae-4793-bcd3-82e34da35011"
"08a94dcd-2c65-4bb9-9ddb-bf5bb20d77ff","0a31870b-07a2-4bed-9da6-431bd3bedadf","179b2f50-e7ae-4793-bcd3-82e34da35011"
"0b00d8bd-c6f0-4635-8c14-57f9a4208455","6eb3f003-1003-41ff-9d72-deefacc9a564","179b2f50-e7ae-4793-bcd3-82e34da35011"
"242960a0-6593-4a4b-9c42-09c118f6e4c4",d179199a-41c8-413e-8585-7d9015b20cc2,"179b2f50-e7ae-4793-bcd3-82e34da35011"
"2a981213-6a37-4bd4-97a3-286e35b46e9d","69395244-3458-4448-adf8-907ebc18bfb3","179b2f50-e7ae-4793-bcd3-82e34da35011"
"33853021-d723-42fe-a45c-67f379ff2352","6edc9073-65f9-4e05-b6fa-d998d234e9fe","179b2f50-e7ae-4793-bcd3-82e34da35011"
"38da7603-1981-41a4-94cf-9a90fe23973e","81f9b5a9-d1fd-46cd-b7bc-3409362d10ca","179b2f50-e7ae-4793-bcd3-82e34da35011"
"4ae52264-d2e3-4557-b151-43795e3aa198","6d4ca6d9-71e7-4490-821d-c6c47d7304a0","179b2f50-e7ae-4793-bcd3-82e34da35011"
"66be1f46-efc8-45f4-b1ec-6412f9227163","25234e85-f511-4ab9-9244-b68cf708f9ef","179b2f50-e7ae-4793-bcd3-82e34da35011"
"6d79ade8-565b-4702-8e13-439d87fc26e4",d14f5af6-38ff-4627-801c-eea4548ec8dd,"179b2f50-e7ae-4793-bcd3-82e34da35011"
"80d071a6-acc6-4ea1-9119-a666b109baaf","74c65ff1-ee32-4f52-8e13-e3ecf936447d","179b2f50-e7ae-4793-bcd3-82e34da35011"
"845082c0-011b-4d9a-9ab3-1b05e23e10bc","3bdbf53e-78e4-49ab-a993-d0f7a921a9ee","179b2f50-e7ae-4793-bcd3-82e34da35011"
"95d64c4a-7156-4532-8f19-b5517e2ab78c","561c9608-88db-4371-9632-cd6d10368772","179b2f50-e7ae-4793-bcd3-82e34da35011"
"98905cb4-b215-4c0c-92cf-074bdd8f7ae8","542d7373-da08-4dbb-ab95-be4380648ef4","179b2f50-e7ae-4793-bcd3-82e34da35011"
b2f233b7-6f57-4cc3-959c-bb92aace9bc7,eaf0ba25-5646-4004-9187-be4d52f7cc75,"179b2f50-e7ae-4793-bcd3-82e34da35011"
c52a7ee1-7332-48f0-ba6a-4a0f7805e035,e837ffe8-11ab-4ef2-8542-53081393e52c,"179b2f50-e7ae-4793-bcd3-82e34da35011"
c6fc4997-6eb7-4bc9-90f8-a1a660d56f82,"0a182ddc-2d9b-427c-855c-88598b235dff","179b2f50-e7ae-4793-bcd3-82e34da35011"
c9b542b0-e3b0-4198-ba6b-07f0a6d97a94,"3d294d72-9e58-45c5-b5c5-be7b6324a6ee","179b2f50-e7ae-4793-bcd3-82e34da35011"
ccc9716d-5958-47a1-99af-2bc66e56eca5,"7e49358f-7156-4c63-9e42-c59e311982f8","179b2f50-e7ae-4793-bcd3-82e34da35011"
d08150da-b8e9-4253-9162-5b309dd2b21d,dfb18ee7-a075-4b90-888c-094e716d0c70,"179b2f50-e7ae-4793-bcd3-82e34da35011"
d4b8acd0-750b-404d-b8e8-d2a93615aafc,"7980e373-2355-4d72-acea-2737b0bd5e5e","179b2f50-e7ae-4793-bcd3-82e34da35011"
d8b634e5-2b1b-42ba-8bc5-44d3f6fe8a2a,"731a1000-a145-4478-946b-1eac43264f4c","179b2f50-e7ae-4793-bcd3-82e34da35011"
d8ca8f63-51f4-4bdb-8212-a6a3e2964982,"12c7b3b8-d792-481b-87a6-f349f1de3169","179b2f50-e7ae-4793-bcd3-82e34da35011"
f8eea0b3-9b87-4f41-8330-ce550bc35253,"321fc83c-c7bd-4c0a-97c6-e65195481de0","179b2f50-e7ae-4793-bcd3-82e34da35011"
fcf20da3-d3bb-41e9-8b25-9537b5031916,"3b115e1b-e377-4a2a-b254-9421b88bc90e","179b2f50-e7ae-4793-bcd3-82e34da35011"
fda3893f-dc6e-4335-a03a-61e378263b8e,a950330d-fc97-442c-965d-8df4f5a17e37,"179b2f50-e7ae-4793-bcd3-82e34da35011"
ffdb198c-5743-4374-b3b0-cd1d27bde645,e5a07fe8-c4d6-45c2-bbca-7a436d8825e9,"179b2f50-e7ae-4793-bcd3-82e34da35011"
"06c8aec1-e466-454c-8a4c-2851bfdf92a1",c4c7e9a1-05a9-4dc0-8acb-3db7a332c729,"179b2f50-e7ae-4793-bcd3-82e34da35011"
"09274388-8221-4ae0-bd61-6acd42f4a245","879938a9-6e9e-4cd6-8f80-edce9dee6388","179b2f50-e7ae-4793-bcd3-82e34da35011"
"1bf75765-0787-4ae7-af9c-a4876f4a01ee","71207107-f034-4c2c-a7ce-259abbd2972a","179b2f50-e7ae-4793-bcd3-82e34da35011"
"202ffb55-c86e-4258-9208-e0bd07a09063","9812deb5-aa24-491c-9d05-05c5621b8dd4","179b2f50-e7ae-4793-bcd3-82e34da35011"
"2e8b933a-32ec-4631-a36c-a310ed4465ae",cabb0c0b-9b54-4c8d-bed5-8938b8699823,"179b2f50-e7ae-4793-bcd3-82e34da35011"
"33b806a0-99d2-4985-91a0-7316cced7e74",eaa008e3-4862-4b94-bec5-fcf956af272d,"179b2f50-e7ae-4793-bcd3-82e34da35011"
"375918fa-dcd7-4008-81b3-9263e46c9acc",a3873112-d955-4a48-b8d5-de9e921aa062,"179b2f50-e7ae-4793-bcd3-82e34da35011"
"5710634a-f02f-483d-8244-32e406b58903","4fad06fe-b4e4-4423-92d0-fdf6e62201c6","179b2f50-e7ae-4793-bcd3-82e34da35011"
"5a806d09-45b7-4157-949e-63603f88fd88",d63abbca-efb7-411b-818d-aa63ce8242f2,"179b2f50-e7ae-4793-bcd3-82e34da35011"
"62ee1260-0efa-4356-a595-3e6ea73fa26a","7d55b4ab-0186-4bd4-9d92-20b91dfa8160","179b2f50-e7ae-4793-bcd3-82e34da35011"
"6e856fd3-4204-49f5-a4d9-0290117014f4","0128225c-f6d1-4a90-81aa-5b1d3aff9130","179b2f50-e7ae-4793-bcd3-82e34da35011"
"837f8fad-0fc5-4f37-a182-d4324af3a0a1",ba68107e-06ab-4bc8-ac72-ecfef7039d6e,"179b2f50-e7ae-4793-bcd3-82e34da35011"
"9ec33f85-21e8-47db-b02c-f38b7b183c3a","1eee189b-a496-40b6-a627-c6a8da239605","179b2f50-e7ae-4793-bcd3-82e34da35011"
"9ec42d01-8a56-4e9c-9f78-06976c1e172a","04be2a26-fbf8-4c6d-bfbb-ee263f1e29ae","179b2f50-e7ae-4793-bcd3-82e34da35011"
"9ef12b0f-42c1-4e76-908f-b7b1a75515c5",feaf81a2-d2b5-421f-8ae4-ebfebbc96109,"179b2f50-e7ae-4793-bcd3-82e34da35011"
"9f5ad08a-25c2-48de-8bd5-ab91ed87de64",b6790d71-7ef5-4e41-a8bb-0492f681c239,"179b2f50-e7ae-4793-bcd3-82e34da35011"
a4cf52bb-c3b1-48c7-ad9b-7f76d04482e5,"3ca12490-d93c-48be-987c-ec51743f666b","179b2f50-e7ae-4793-bcd3-82e34da35011"
a722f8b6-9534-4f66-9fa1-87fd762b6512,ec1959ae-bd0d-430d-adb3-e9ee4fffcd91,"179b2f50-e7ae-4793-bcd3-82e34da35011"
c591b0af-80f0-4c36-b42b-149bfd7e9d74,d825fd4d-c34b-4be0-9442-9066ff2155db,"179b2f50-e7ae-4793-bcd3-82e34da35011"
d5272a43-f480-4c20-beea-18687df85da4,"833ebb6f-4a03-4dbb-88c2-a8c6d868ebf8","179b2f50-e7ae-4793-bcd3-82e34da35011"
fcbaa390-38f0-4676-af49-9bb1f49d2d3f,e5a3e3fd-cda7-449d-aa4b-5efb59962b6d,"179b2f50-e7ae-4793-bcd3-82e34da35011"
"1bc67df8-0314-4fea-a1de-f2c7cccac2f6","361ed301-6ccb-48db-8100-ab4d58fffc71","179b2f50-e7ae-4793-bcd3-82e34da35011"
"7058b61b-1761-4b3a-8e8e-463bb946b6be","43ee4289-0078-498d-bc52-77ae0113a18b","179b2f50-e7ae-4793-bcd3-82e34da35011"
"7dbaf61d-1fe5-495d-b24a-91174efc46a2","4137bb42-f66b-4bb1-b6cf-355381defed1","179b2f50-e7ae-4793-bcd3-82e34da35011"
"1a4cd379-f131-4177-b6d7-885c661dad08","0a122a12-438e-4341-8f3b-414d6cee7f19","179b2f50-e7ae-4793-bcd3-82e34da35011"
"23148177-7b2c-4197-94b4-c141bd511d12","824c6a27-5032-4d39-bcdd-e2d07b2f43b6","179b2f50-e7ae-4793-bcd3-82e34da35011"
"231d99cd-65b1-4ff7-b4ec-19fa119a3684",eef3cd27-8615-42c4-af91-7a53f797a92f,"179b2f50-e7ae-4793-bcd3-82e34da35011"
"2d65ff55-f433-4810-8a3e-e25ace87c4fd",aa7893b2-ce00-40e6-bf4c-849e189eaf7d,"179b2f50-e7ae-4793-bcd3-82e34da35011"
"3e78d348-3f6e-4586-a784-d0081a43d897","206079a9-fdb3-496a-9f78-2509380cd8e3","179b2f50-e7ae-4793-bcd3-82e34da35011"
"42e0d369-3c43-4a83-bc9b-7eadb7e5c1a6","1d28b001-09b9-474d-b053-972cf38c3942","179b2f50-e7ae-4793-bcd3-82e34da35011"
"46229029-ba9c-40a1-a3d8-0b62e8029d48","9bda1fee-dda2-4630-ba90-31da41a00588","179b2f50-e7ae-4793-bcd3-82e34da35011"
"687aaab5-2225-4d0d-82be-94260d8cc9a9",b7f57039-2a53-47d1-9150-2fd454866566,"179b2f50-e7ae-4793-bcd3-82e34da35011"
"69493b7a-ae2f-4e9e-afe0-fe3dc65d080d",a2e0f127-7712-411b-bd42-bd3721b0da7f,"179b2f50-e7ae-4793-bcd3-82e34da35011"
"6e6ad7e6-68d2-4731-84dd-d76fbd600b29",dacda53e-7e02-4029-8605-011644d5cc13,"179b2f50-e7ae-4793-bcd3-82e34da35011"
"7523b2d2-32fb-400b-b176-13409183f990","5a306fad-14d3-4b4c-b077-7c9072801dba","179b2f50-e7ae-4793-bcd3-82e34da35011"
"771e92f7-35a3-4bc7-ae6f-cf1894ddff82",f33a782c-3bd0-4995-bd1d-7b8716fcc8f7,"179b2f50-e7ae-4793-bcd3-82e34da35011"
"902c6e63-2a8d-4fc3-8869-82efd40cca9c","00c1a840-8842-4b1c-84c4-498ff8ee5ed3","179b2f50-e7ae-4793-bcd3-82e34da35011"
a1f69d78-8eca-4e3a-8b66-771dc2c2be0e,"09e46b4a-c371-4168-b9f2-1b8ab35132cb","179b2f50-e7ae-4793-bcd3-82e34da35011"
b26d06fd-be90-48e6-b754-69d899fe4f1f,f772eab4-f9b0-49bf-832e-c586280e1530,"179b2f50-e7ae-4793-bcd3-82e34da35011"
c34547ab-4165-4de2-a110-48d8ed3b2c84,daf17db3-c824-4318-8552-fc4d7080993f,"179b2f50-e7ae-4793-bcd3-82e34da35011"
d7ddd63b-a5a5-4371-b58d-4181ed76c50c,"6a34a566-e67d-4a6f-ae1f-213d0323c33d","179b2f50-e7ae-4793-bcd3-82e34da35011"
dcd34fc0-3434-4554-b095-44801b71e49a,de15a493-9106-49eb-bf58-aae2dbe58a18,"179b2f50-e7ae-4793-bcd3-82e34da35011"
f33d58b9-6e17-4e7d-b61a-da418d53585f,b63d7f8d-8876-4c41-a70d-ccd88c473c12,"179b2f50-e7ae-4793-bcd3-82e34da35011"
f68021a2-e15e-43e4-8829-67e57a3703ae,"04907d87-64d1-4526-8749-f0c297b55562","179b2f50-e7ae-4793-bcd3-82e34da35011"
"1c35ad0a-b025-48fa-a3a1-dfdb6164fe85",d624742b-0171-4ebe-85ab-590163cca71c,"179b2f50-e7ae-4793-bcd3-82e34da35011"
"1fe4d898-0769-482e-b624-706a569f6304","90fb2a2e-53a9-4201-9fb3-a191a19192e4","179b2f50-e7ae-4793-bcd3-82e34da35011"
"247c8fc3-164c-4569-a5d4-2882d25311cd",bf1966fc-8df3-491f-9c1f-0636d177f860,"179b2f50-e7ae-4793-bcd3-82e34da35011"
"34b0f142-3025-4b7b-ac48-eef3e6ba5bbc",a61dce8f-acc8-45f4-97dd-95e7e0f1b499,"179b2f50-e7ae-4793-bcd3-82e34da35011"
"3cd5aff7-902c-4117-b22f-f7b72d74f275","598f2e43-e983-4473-be47-1a85a7d841dd","179b2f50-e7ae-4793-bcd3-82e34da35011"
"5ee77879-89b1-441c-b888-18420176a73d",c4b2a779-51e3-4079-9b1c-374d57058c0a,"179b2f50-e7ae-4793-bcd3-82e34da35011"
"5fea661a-ae22-4348-8a5e-eee739e25307",b7139e62-a28f-409c-b1ee-978a640472e7,"179b2f50-e7ae-4793-bcd3-82e34da35011"
"6288d42f-8c27-471e-8403-4bcec7ef9f33","1a43a53d-621f-447a-a345-3f1ff84f041e","179b2f50-e7ae-4793-bcd3-82e34da35011"
"68065b71-84c0-4c33-a429-f8cf40f8f6dc","772d5a03-681c-430a-b23c-51e4baeb8f01","179b2f50-e7ae-4793-bcd3-82e34da35011"
"6830975c-1530-42dc-90a6-fc0e253ae814","55b18ea9-09e8-49e5-9126-cb89e1d46182","179b2f50-e7ae-4793-bcd3-82e34da35011"
"698385e1-69de-4f4a-ae67-99887cb390a0","3c4ab04d-4b10-4279-b0e5-9ec665dc9af3","179b2f50-e7ae-4793-bcd3-82e34da35011"
"69a6f632-0568-4012-9312-b3fa105052c3",fcaa4a16-12a5-457c-be16-810793a758fa,"179b2f50-e7ae-4793-bcd3-82e34da35011"
"8069386a-869a-424e-b8c3-1002f53ed860",e162851e-43fc-452b-9bca-db16653ece0a,"179b2f50-e7ae-4793-bcd3-82e34da35011"
"93e48051-ce44-4cf8-87b6-0c0b3591e9fc","78df038b-0fb4-41f8-821c-2880c3a209a5","179b2f50-e7ae-4793-bcd3-82e34da35011"
"96daba2b-7137-4b97-956d-28d5a3fcaaa7",d2aa04a7-23f0-4b35-a860-dfb11ef879c9,"179b2f50-e7ae-4793-bcd3-82e34da35011"
accbf0d4-b71c-422d-a95f-7aaa1e376c76,cc8e006b-ed0d-4351-b113-33696af57e61,"179b2f50-e7ae-4793-bcd3-82e34da35011"
c3b89a2f-c18b-47c3-93f8-16b44e306bbf,"9c21669b-1216-48d0-ad49-9971d096c58a","179b2f50-e7ae-4793-bcd3-82e34da35011"
cecb6e6b-de9a-4287-aa0e-1acb9a9d2142,"25d8fccf-e3b7-4b2e-a383-a4a9bc15154f","179b2f50-e7ae-4793-bcd3-82e34da35011"
d5948ca4-b9e1-46ec-a205-36bcd261bfa9,"22a8a8d3-7a01-4d86-b2ce-effef0781878","179b2f50-e7ae-4793-bcd3-82e34da35011"
d73528f7-9a78-49b3-8a1e-7b2dc4a731bf,"3428791a-3318-41e4-9095-425da6006ff8","179b2f50-e7ae-4793-bcd3-82e34da35011"
e3659ac1-af75-441f-95b2-99da20ce815b,"70fedcdc-68e2-49cf-b82d-7131fe55d672","179b2f50-e7ae-4793-bcd3-82e34da35011"
e9dbb7dd-d487-4b81-ad27-d61d49a1b291,"0ca2d7f8-64e5-4e43-8a9b-3061b14d35ac","179b2f50-e7ae-4793-bcd3-82e34da35011"
ea5a5014-7cc2-4d9b-8d74-adfaee87f6f9,"1c4a0c56-a63c-446b-b4df-ebd183e79ce0","179b2f50-e7ae-4793-bcd3-82e34da35011"
ee5f416c-fbd0-4a22-aebf-1b729073b6a5,"97af1381-7479-4dbe-8937-88f66e0ed9ea","179b2f50-e7ae-4793-bcd3-82e34da35011"
f8ac8a9c-15b5-4c22-8c9a-0d4796c6d45e,"9a214201-a81b-4ede-973e-af2a3fe70d7e","179b2f50-e7ae-4793-bcd3-82e34da35011"
"1418865f-c145-497b-b56b-2b7a7526b36e","546ec873-80ff-488b-abb0-43f4f63b5a67","179b2f50-e7ae-4793-bcd3-82e34da35011"
"1a67d7c1-864d-4358-8212-a42e4b1c958b",fa618933-f88f-48c3-96a4-4bb398b9ba92,"179b2f50-e7ae-4793-bcd3-82e34da35011"
"31455fee-7adc-4475-954e-f753481eee46","24ad1518-6ff5-4008-965c-8ce5ea593b42","179b2f50-e7ae-4793-bcd3-82e34da35011"
"3d9512de-37f3-424a-8c11-4c77d9c55e0d","703e2196-c898-4fef-98e7-db01c6228ddf","179b2f50-e7ae-4793-bcd3-82e34da35011"
"40a17ae9-0070-4b72-b1ff-78694029da7a","193826a1-c5b7-4869-a8ff-6476c6f6e23f","179b2f50-e7ae-4793-bcd3-82e34da35011"
"51af4626-8d05-4700-b5d9-0f04d5cb00bb","8ed924c6-3f43-4d9d-afa7-b08c74a07994","179b2f50-e7ae-4793-bcd3-82e34da35011"
"58ee42ae-7057-4858-9bed-9b7f4f9edbbc",b01ee6fd-7838-4dd5-86dd-30ab9db96566,"179b2f50-e7ae-4793-bcd3-82e34da35011"
"5c789424-4afa-485c-98da-4a4a987eb1e5","3183a9e0-2afe-4d19-a694-60ba17123b59","179b2f50-e7ae-4793-bcd3-82e34da35011"
"62b607c8-9419-4c1e-8bc3-4784db2f984f",bbd76037-0f2d-4c43-b54b-a84585c049d0,"179b2f50-e7ae-4793-bcd3-82e34da35011"
"67e9fb1e-83f1-42db-8bc3-1282afa08a88","4ba2468a-f145-41ad-be61-9f3f71dc4023","179b2f50-e7ae-4793-bcd3-82e34da35011"
"71fffc40-d494-4786-846d-f0df6a2a978f",f57d8c82-403d-4fc2-bfe5-966db04a1525,"179b2f50-e7ae-4793-bcd3-82e34da35011"
"7e456385-deda-4028-8574-a4c86b0a4765",f2f0bc31-ab07-409d-889f-09a6f76e948d,"179b2f50-e7ae-4793-bcd3-82e34da35011"
"91078b8f-fc37-4dd9-9e26-cc8c33f8ead2","9dbadace-d423-4c17-86d1-bffbd5b46e97","179b2f50-e7ae-4793-bcd3-82e34da35011"
ab446dac-aa66-4fff-91a3-27cd7bdfb02d,"3a7bb082-b7b1-4456-b251-83818d3899f0","179b2f50-e7ae-4793-bcd3-82e34da35011"
b6fbf175-dbc9-42b0-baec-a162560244e3,"27c6b436-d7dc-46d7-8d08-4da53749e652","179b2f50-e7ae-4793-bcd3-82e34da35011"
c0a8839f-ac1f-4f58-8e26-dbda888e54ae,"6610b224-d092-46f9-8895-1e379b56086b","179b2f50-e7ae-4793-bcd3-82e34da35011"
ca7f1ccb-b80d-42d5-9ad5-595297993304,ce9af415-456f-4f93-bf60-d0cdaa6c0a6e,"179b2f50-e7ae-4793-bcd3-82e34da35011"
d35ab1c1-10d2-4456-8ef7-0fa15d338e15,"06e5ac8b-2f88-4ec9-855b-5e87538d4e31","179b2f50-e7ae-4793-bcd3-82e34da35011"
fc8e65e9-f798-4b7f-aa0f-a8de9b8fb081,"154dbc0a-0bd8-4037-bd25-919209823f0a","179b2f50-e7ae-4793-bcd3-82e34da35011"
"8d53a1c0-aefa-4e09-b7d4-50c252fce28a",f8798cbd-8e74-419f-a7bd-a15abe77eb04,"179b2f50-e7ae-4793-bcd3-82e34da35011"
c016076c-aeb6-4ab3-aa4c-445bcec1dfb2,c0a8c75b-17bb-4988-83cc-75da55985686,"179b2f50-e7ae-4793-bcd3-82e34da35011"
"9545f15b-a930-43ad-91d6-46e10aa1823c","619470c2-bdc3-48c4-904e-5db575aeae00","179b2f50-e7ae-4793-bcd3-82e34da35011"
