"Id","Name","Label","Color","Order","ZoneType","StadiumId","ZoneCategoryId","SeatsUpdated"
"000b2ac2-11b9-453e-a6cc-57cf4a777953",MS - L4C,,,0,,f11810fd-a0cd-4324-9679-3d38881a46d3,"6a4e9d78-d158-4413-9cd8-bcb5c1e8aee8",false
"001a6f8b-bbb7-416b-bd78-736e66e689ee",The Rooftops,,,0,,f11810fd-a0cd-4324-9679-3d38881a46d3,"6a4e9d78-d158-4413-9cd8-bcb5c1e8aee8",false
"00ede99b-8e2c-4d33-bdbb-20cd9b0c527d",LS - L1L,,,0,,f11810fd-a0cd-4324-9679-3d38881a46d3,fc263cfa-7383-4813-92a9-9308f9e80f03,false
"04ffe94d-9000-44f3-8ec2-3c6e7d9702ed","638",,,0,,f11810fd-a0cd-4324-9679-3d38881a46d3,"6a4e9d78-d158-4413-9cd8-bcb5c1e8aee8",false
"066c5c26-3976-43f1-873f-c88306395ba7",Sensory Room,,,0,,f11810fd-a0cd-4324-9679-3d38881a46d3,fc263cfa-7383-4813-92a9-9308f9e80f03,false
"0691a4d1-c93a-4f9c-b501-df36538f3a75","504",,,0,,f11810fd-a0cd-4324-9679-3d38881a46d3,"6a4e9d78-d158-4413-9cd8-bcb5c1e8aee8",false
"06e9da27-571c-4dd5-9810-ab7880b725f5",MS - L2H,,,0,,f11810fd-a0cd-4324-9679-3d38881a46d3,ec1e4cba-8077-4660-a240-5f5c6c0cb022,false
"07adbbf6-6128-4821-a04b-f229798d4f4e",LWC - L4C,,,0,,f11810fd-a0cd-4324-9679-3d38881a46d3,"67f45969-4018-49df-9ef0-3f3a2a9a941d",false
"07dcda17-8427-420c-8618-284bfb3e8f78","411",,,0,,f11810fd-a0cd-4324-9679-3d38881a46d3,"6a4e9d78-d158-4413-9cd8-bcb5c1e8aee8",false
"08791987-f9bf-4010-97cb-6a3d8f3ca5c6",MS - L1G,,,0,,f11810fd-a0cd-4324-9679-3d38881a46d3,"11849069-9d00-4be4-a1d4-3f44518083d8",false
"08d730a6-b7ff-4ff0-96d2-c0a852c7f2f1","111",,,0,,f11810fd-a0cd-4324-9679-3d38881a46d3,"6a4e9d78-d158-4413-9cd8-bcb5c1e8aee8",false
"09ddab98-f774-411f-9f11-53fbbd451a04",MS - L1H,,,0,,f11810fd-a0cd-4324-9679-3d38881a46d3,"11849069-9d00-4be4-a1d4-3f44518083d8",false
"0c399d10-d746-4c16-bc61-5f809bcf54a4","609",,,0,,f11810fd-a0cd-4324-9679-3d38881a46d3,"6a4e9d78-d158-4413-9cd8-bcb5c1e8aee8",false
"0ca578c6-b612-4bc9-bb2c-ecf1383f36d0",MS - LL2D,,,0,,f11810fd-a0cd-4324-9679-3d38881a46d3,b6516e94-1231-44b9-9646-119704522525,false
"0cca7e85-d54f-454d-b2bd-01445e4f6f8c","643",,,0,,f11810fd-a0cd-4324-9679-3d38881a46d3,"97a687bd-46dc-49d0-abf7-d0770bc7139f",false
"0e824b38-764c-4a70-b71a-9e4aa067988c",LEC - J,,,0,,f11810fd-a0cd-4324-9679-3d38881a46d3,fc263cfa-7383-4813-92a9-9308f9e80f03,false
"10162692-055d-4add-a8db-a68a7ac695f9",LWC - LL7E,,,0,,f11810fd-a0cd-4324-9679-3d38881a46d3,"9962015a-8cab-4430-aa02-f0383f4ab188",false
"11146ef2-4454-49a0-aff3-d54fb081e5ba",MS - L1A,,,0,,f11810fd-a0cd-4324-9679-3d38881a46d3,fc263cfa-7383-4813-92a9-9308f9e80f03,false
"11484cd3-6ac5-41d3-b391-d7bc4df6095c",MS - L2F,,,0,,f11810fd-a0cd-4324-9679-3d38881a46d3,fca3ef20-6eb6-4e82-bad1-5bb27a20ca48,false
"1149a9cb-7fcb-440b-984c-d1515cb34168","610",,,0,,f11810fd-a0cd-4324-9679-3d38881a46d3,"6a4e9d78-d158-4413-9cd8-bcb5c1e8aee8",false
"11751027-4a30-4c80-9619-9bea58499322",MS - L7G,,,0,,f11810fd-a0cd-4324-9679-3d38881a46d3,"9962015a-8cab-4430-aa02-f0383f4ab188",false
"11f78247-861e-4ffc-b8fb-666185045a6c",LWC - L2A,,,0,,f11810fd-a0cd-4324-9679-3d38881a46d3,fc263cfa-7383-4813-92a9-9308f9e80f03,false
"12a59072-189b-4661-9ab2-7940855b30e4","521",,,0,,f11810fd-a0cd-4324-9679-3d38881a46d3,"6a4e9d78-d158-4413-9cd8-bcb5c1e8aee8",false
"12fd4f6c-45f8-4e52-a8fa-4ec719f39dd1","528",,,0,,f11810fd-a0cd-4324-9679-3d38881a46d3,"6a4e9d78-d158-4413-9cd8-bcb5c1e8aee8",false
"13651bef-5e7b-4476-8491-3434c6460c97",LWC - LL7C,,,0,,f11810fd-a0cd-4324-9679-3d38881a46d3,"9962015a-8cab-4430-aa02-f0383f4ab188",false
"138b194a-11f6-4ae2-bf1c-4f1167d316f0",ES - H,,,0,,f11810fd-a0cd-4324-9679-3d38881a46d3,"11849069-9d00-4be4-a1d4-3f44518083d8",false
"13fb991a-f1b3-49b6-bd5d-76cd0de09ac6",LS - L2M,,,0,,f11810fd-a0cd-4324-9679-3d38881a46d3,fc263cfa-7383-4813-92a9-9308f9e80f03,false
"14fb8132-a3cb-48f7-8ed4-efe6f8c2f295","515",,,0,,f11810fd-a0cd-4324-9679-3d38881a46d3,"6a4e9d78-d158-4413-9cd8-bcb5c1e8aee8",false
"15426312-3c37-44c8-b2c3-4ffcfa33ee9b","408",,,0,,f11810fd-a0cd-4324-9679-3d38881a46d3,"6a4e9d78-d158-4413-9cd8-bcb5c1e8aee8",false
"156fdc9a-9c0d-4dde-802f-c0e310335532","531",,,0,,f11810fd-a0cd-4324-9679-3d38881a46d3,"6a4e9d78-d158-4413-9cd8-bcb5c1e8aee8",false
"15896cac-6a23-4aab-a3de-6784bd5b0ae3","507",,,0,,f11810fd-a0cd-4324-9679-3d38881a46d3,"6a4e9d78-d158-4413-9cd8-bcb5c1e8aee8",false
"1744cd71-2347-4cc2-a8c7-01bdd8f9c85d","103",,,0,,f11810fd-a0cd-4324-9679-3d38881a46d3,"6a4e9d78-d158-4413-9cd8-bcb5c1e8aee8",false
"18032d79-21be-476a-ab7f-7ecbdfb19ffc","537",,,0,,f11810fd-a0cd-4324-9679-3d38881a46d3,"6a4e9d78-d158-4413-9cd8-bcb5c1e8aee8",false
"1906a854-78e4-47ca-89ee-63ac2fcf94ab",LWC - L7B,,,0,,f11810fd-a0cd-4324-9679-3d38881a46d3,fc263cfa-7383-4813-92a9-9308f9e80f03,false
"195bd404-3169-4319-a74b-e31133a10b4e",GS - I,,,0,,f11810fd-a0cd-4324-9679-3d38881a46d3,fc263cfa-7383-4813-92a9-9308f9e80f03,false
"19731fdd-72b4-4e9a-8bc0-d2913fdcf590",LS - L7J,,,0,,f11810fd-a0cd-4324-9679-3d38881a46d3,fcb0d92e-a087-40d4-907f-b018605cc72e,false
"1bb7f0ee-0e66-4eb3-b399-2f86c7e66821",Magpie Club,,,0,,f11810fd-a0cd-4324-9679-3d38881a46d3,"6a4e9d78-d158-4413-9cd8-bcb5c1e8aee8",false
"1d1563ba-1449-4218-b826-0dd2b641308c","526",,,0,,f11810fd-a0cd-4324-9679-3d38881a46d3,"6a4e9d78-d158-4413-9cd8-bcb5c1e8aee8",false
"1d9bd85b-6277-4443-8005-262d611652d9",GWC - B,,,0,,f11810fd-a0cd-4324-9679-3d38881a46d3,fc263cfa-7383-4813-92a9-9308f9e80f03,false
"1e5d9c8b-52e4-4dee-b844-b114e90da6b0","538",,,0,,f11810fd-a0cd-4324-9679-3d38881a46d3,"6a4e9d78-d158-4413-9cd8-bcb5c1e8aee8",false
"2224414e-17b1-459b-95a4-9dd18e66ad40",GEC - B (Safe Standing),,,0,,f11810fd-a0cd-4324-9679-3d38881a46d3,fc263cfa-7383-4813-92a9-9308f9e80f03,false
"22e0175e-1779-4330-846f-0f715dfb560d","611",,,0,,f11810fd-a0cd-4324-9679-3d38881a46d3,"6a4e9d78-d158-4413-9cd8-bcb5c1e8aee8",false
"240c0902-20be-4237-b011-523ea7c43936","108",,,0,,f11810fd-a0cd-4324-9679-3d38881a46d3,"6a4e9d78-d158-4413-9cd8-bcb5c1e8aee8",false
"24a35194-530e-4c47-9360-7e22ee7d1d32","637",,,0,,f11810fd-a0cd-4324-9679-3d38881a46d3,"6a4e9d78-d158-4413-9cd8-bcb5c1e8aee8",false
"25373666-3c6e-4b0b-9c4c-89672f97755f","404",,,0,,f11810fd-a0cd-4324-9679-3d38881a46d3,"6a4e9d78-d158-4413-9cd8-bcb5c1e8aee8",false
"26b16e49-f6f8-4a89-a536-65e871bc6486",MS - L4G,,,0,,f11810fd-a0cd-4324-9679-3d38881a46d3,"4682f2b3-a148-47d1-96b0-809836a24d77",false
"274e9500-5a6e-4d70-af9e-a3c9ac201804",MS - L2A,,,0,,f11810fd-a0cd-4324-9679-3d38881a46d3,ec1e4cba-8077-4660-a240-5f5c6c0cb022,false
"28814d86-85cd-46f8-8a57-12fac12c8bb7","530",,,0,,f11810fd-a0cd-4324-9679-3d38881a46d3,"6a4e9d78-d158-4413-9cd8-bcb5c1e8aee8",false
"2aa64cae-af55-4442-8a36-878666998d16","529",,,0,,f11810fd-a0cd-4324-9679-3d38881a46d3,"6a4e9d78-d158-4413-9cd8-bcb5c1e8aee8",false
"2bee7cac-d074-48d1-aecf-f10ae724e02d","639",,,0,,f11810fd-a0cd-4324-9679-3d38881a46d3,"6a4e9d78-d158-4413-9cd8-bcb5c1e8aee8",false
"2d79019d-99b5-4fde-a6df-323d65d332df","636",,,0,,f11810fd-a0cd-4324-9679-3d38881a46d3,"6a4e9d78-d158-4413-9cd8-bcb5c1e8aee8",false
"2dc2e683-3b54-4ff9-ac45-e81e5c01841e","512",,,0,,f11810fd-a0cd-4324-9679-3d38881a46d3,"6a4e9d78-d158-4413-9cd8-bcb5c1e8aee8",false
"2f1a5327-ea24-4ca9-8453-81f346e01ead",GS - K,,,0,,f11810fd-a0cd-4324-9679-3d38881a46d3,fc263cfa-7383-4813-92a9-9308f9e80f03,false
"2f4738ab-f1fd-432c-a38d-c121e937a1a6",ES - C,,,0,,f11810fd-a0cd-4324-9679-3d38881a46d3,"11849069-9d00-4be4-a1d4-3f44518083d8",false
"2f6ce9cb-ac40-4e90-906c-765b31115aa3",GS - F,,,0,,f11810fd-a0cd-4324-9679-3d38881a46d3,fc263cfa-7383-4813-92a9-9308f9e80f03,false
"2fd41bcc-5b9b-4b3f-9868-a25b9bb0b4c1",MS - LL7C,,,0,,f11810fd-a0cd-4324-9679-3d38881a46d3,"9962015a-8cab-4430-aa02-f0383f4ab188",false
"31077540-2a4f-4017-8936-709892a947ab",MS - L4H,,,0,,f11810fd-a0cd-4324-9679-3d38881a46d3,"27e217b4-e5dc-4238-a05c-8b413c118adf",false
"3193fbb5-e732-48de-978e-fa921e37542f",MS - L7C,,,0,,f11810fd-a0cd-4324-9679-3d38881a46d3,"9962015a-8cab-4430-aa02-f0383f4ab188",false
"3229be8d-ee3a-4f75-9fcc-0484b61add50",LS - LL7L,,,0,,f11810fd-a0cd-4324-9679-3d38881a46d3,fcb0d92e-a087-40d4-907f-b018605cc72e,false
"3292fa81-db9e-4932-898b-4818dba459d9",LS - L7L,,,0,,f11810fd-a0cd-4324-9679-3d38881a46d3,fcb0d92e-a087-40d4-907f-b018605cc72e,false
"33c0fbea-e00c-4a7b-9e05-5997b349defd",LS - L6A,,,0,,f11810fd-a0cd-4324-9679-3d38881a46d3,"6a4e9d78-d158-4413-9cd8-bcb5c1e8aee8",false
"3484c294-cca2-4f1f-8a93-7b6011ed5dd5","534",,,0,,f11810fd-a0cd-4324-9679-3d38881a46d3,"6a4e9d78-d158-4413-9cd8-bcb5c1e8aee8",false
"361d2302-49f5-477a-8c7e-b13334a59c9b","624",,,0,,f11810fd-a0cd-4324-9679-3d38881a46d3,"6a4e9d78-d158-4413-9cd8-bcb5c1e8aee8",false
"376c933b-79b3-43c8-8023-c28d9840a79e",GS - D,,,0,,f11810fd-a0cd-4324-9679-3d38881a46d3,fc263cfa-7383-4813-92a9-9308f9e80f03,false
"395f51e9-f00f-4d0b-9a86-45eaf60926a4","107",,,0,,f11810fd-a0cd-4324-9679-3d38881a46d3,"6a4e9d78-d158-4413-9cd8-bcb5c1e8aee8",false
"3b04782d-32c3-47db-b85d-a5acb20b9ba2",MS - LL7F,,,0,,f11810fd-a0cd-4324-9679-3d38881a46d3,"9962015a-8cab-4430-aa02-f0383f4ab188",false
"3d58a32b-8ab5-4112-8fbc-a0d27f806ba1","406",,,0,,f11810fd-a0cd-4324-9679-3d38881a46d3,"6a4e9d78-d158-4413-9cd8-bcb5c1e8aee8",false
"3d79aaba-6536-45b1-aeca-322867ae6ef3","532",,,0,,f11810fd-a0cd-4324-9679-3d38881a46d3,"6a4e9d78-d158-4413-9cd8-bcb5c1e8aee8",false
"3e13b41c-062d-40c6-ade3-393b792300ff",MS - LL7A,,,0,,f11810fd-a0cd-4324-9679-3d38881a46d3,"9962015a-8cab-4430-aa02-f0383f4ab188",false
"3ed8d1ba-4467-4550-9af3-6a8f476e9623","506",,,0,,f11810fd-a0cd-4324-9679-3d38881a46d3,"6a4e9d78-d158-4413-9cd8-bcb5c1e8aee8",false
"3ee123c3-da1f-499b-8f76-355a1dd17e3b",LEC - A,,,0,,f11810fd-a0cd-4324-9679-3d38881a46d3,fc263cfa-7383-4813-92a9-9308f9e80f03,false
"3f409754-b928-4c00-ba65-5465d3274350",MS - LL2G,,,0,,f11810fd-a0cd-4324-9679-3d38881a46d3,b6516e94-1231-44b9-9646-119704522525,false
"3f4a4f76-c6df-4208-8eb2-0a2b9db73758","410",,,0,,f11810fd-a0cd-4324-9679-3d38881a46d3,"6a4e9d78-d158-4413-9cd8-bcb5c1e8aee8",false
"3f9d10df-61c5-4fcc-b54e-6175a8285f7d",MS - L2B,,,0,,f11810fd-a0cd-4324-9679-3d38881a46d3,fca3ef20-6eb6-4e82-bad1-5bb27a20ca48,false
"401ebcf8-9a75-4557-9adb-cf0ecca18cf1",GS - H,,,0,,f11810fd-a0cd-4324-9679-3d38881a46d3,fc263cfa-7383-4813-92a9-9308f9e80f03,false
"41154ca3-497a-41cc-b7ba-99e1c8906ecf",MS - L4A,,,0,,f11810fd-a0cd-4324-9679-3d38881a46d3,"8fd5c175-b0b0-4e07-80e1-5d52472f1243",false
"41a49cd2-063c-4c6f-bb02-79ff18da5cc8",LS - LL7H,,,0,,f11810fd-a0cd-4324-9679-3d38881a46d3,fcb0d92e-a087-40d4-907f-b018605cc72e,false
"424b24fe-9602-4165-828f-916a23abeda6","619",,,0,,f11810fd-a0cd-4324-9679-3d38881a46d3,"6a4e9d78-d158-4413-9cd8-bcb5c1e8aee8",false
"442e3f92-c56b-4cf6-9505-aa853a1a9359","405",,,0,,f11810fd-a0cd-4324-9679-3d38881a46d3,"6a4e9d78-d158-4413-9cd8-bcb5c1e8aee8",false
"44ddffa7-0786-40e1-9636-e9c4164bfed7","640",,,0,,f11810fd-a0cd-4324-9679-3d38881a46d3,"6a4e9d78-d158-4413-9cd8-bcb5c1e8aee8",false
"455f7640-e28b-40d8-99c9-4de1b893a551","601",,,0,,f11810fd-a0cd-4324-9679-3d38881a46d3,"6a4e9d78-d158-4413-9cd8-bcb5c1e8aee8",false
"45a94bff-fb4f-41bf-a016-e9db81b4bb0c","634",,,0,,f11810fd-a0cd-4324-9679-3d38881a46d3,"6a4e9d78-d158-4413-9cd8-bcb5c1e8aee8",false
"472ade9a-6888-4b19-8fb1-942482103fae","635",,,0,,f11810fd-a0cd-4324-9679-3d38881a46d3,"6a4e9d78-d158-4413-9cd8-bcb5c1e8aee8",false
"492be191-c7e9-44ed-b963-18b70c8f285e",LS - L6B,,,0,,f11810fd-a0cd-4324-9679-3d38881a46d3,"4c3d9d9c-ea56-41a7-862d-145d23a2cb75",false
"496f08f8-be2b-40cb-a23b-718db6731049","615",,,0,,f11810fd-a0cd-4324-9679-3d38881a46d3,"6a4e9d78-d158-4413-9cd8-bcb5c1e8aee8",false
"4a22acfa-3509-468c-a865-e8ee8d6af74a",MS - LL2B,,,0,,f11810fd-a0cd-4324-9679-3d38881a46d3,b6516e94-1231-44b9-9646-119704522525,false
"4c941c3c-682a-4f30-ab1d-f6ffb912a0a3","631",,,0,,f11810fd-a0cd-4324-9679-3d38881a46d3,"6a4e9d78-d158-4413-9cd8-bcb5c1e8aee8",false
"51ba174c-5a07-4200-a2a4-1215428db7bd",LS - L4W,,,0,,f11810fd-a0cd-4324-9679-3d38881a46d3,fc263cfa-7383-4813-92a9-9308f9e80f03,false
"51c17ca8-90b7-480b-982b-35ac20f09bdf",LWC - L4B,,,0,,f11810fd-a0cd-4324-9679-3d38881a46d3,"67f45969-4018-49df-9ef0-3f3a2a9a941d",false
"51c9a8cb-bab4-495f-abd2-fb81fea4b3c1",MS - L1B,,,0,,f11810fd-a0cd-4324-9679-3d38881a46d3,"11849069-9d00-4be4-a1d4-3f44518083d8",false
"52641fef-639c-4680-81b0-00a4de14af87","602",,,0,,f11810fd-a0cd-4324-9679-3d38881a46d3,"6a4e9d78-d158-4413-9cd8-bcb5c1e8aee8",false
"55a65462-1d9f-4d4b-9236-7ed1aa2a53c1",MS - LL2C,,,0,,f11810fd-a0cd-4324-9679-3d38881a46d3,b6516e94-1231-44b9-9646-119704522525,false
"55dfc294-880d-442a-a8b6-ce253418c279","613",,,0,,f11810fd-a0cd-4324-9679-3d38881a46d3,"6a4e9d78-d158-4413-9cd8-bcb5c1e8aee8",false
"56170d77-1ca2-4dae-b54d-c899d17a456b",GS - B,,,0,,f11810fd-a0cd-4324-9679-3d38881a46d3,fc263cfa-7383-4813-92a9-9308f9e80f03,false
"56b081ed-9bd4-49ff-bbad-6b79e84c86ee","501",,,0,,f11810fd-a0cd-4324-9679-3d38881a46d3,"6a4e9d78-d158-4413-9cd8-bcb5c1e8aee8",false
"56f09474-617f-4913-bd21-a7bdd381ac54",ES - D,,,0,,f11810fd-a0cd-4324-9679-3d38881a46d3,"11849069-9d00-4be4-a1d4-3f44518083d8",false
"57807d47-97ab-4bcf-a326-e3d6a78cde8b","630",,,0,,f11810fd-a0cd-4324-9679-3d38881a46d3,"6a4e9d78-d158-4413-9cd8-bcb5c1e8aee8",false
"578c0ddf-c3a1-460b-96a0-a1b4f11b690d","402",,,0,,f11810fd-a0cd-4324-9679-3d38881a46d3,"6a4e9d78-d158-4413-9cd8-bcb5c1e8aee8",false
"57a7a233-7373-40b3-95c6-fd2e3f2df685",MS - L7B,,,0,,f11810fd-a0cd-4324-9679-3d38881a46d3,"9962015a-8cab-4430-aa02-f0383f4ab188",false
"580a3d7b-acad-40b3-92b3-7cdfb70026d5",LS - L1C,,,0,,f11810fd-a0cd-4324-9679-3d38881a46d3,"67f45969-4018-49df-9ef0-3f3a2a9a941d",false
"585ec450-8c4a-4d40-bd3c-c8949636cdf8",LWC - L4F,,,0,,f11810fd-a0cd-4324-9679-3d38881a46d3,"67f45969-4018-49df-9ef0-3f3a2a9a941d",false
"58609deb-15b9-40da-8b06-50dabecc1d59",GEC - A,,,0,,f11810fd-a0cd-4324-9679-3d38881a46d3,fc263cfa-7383-4813-92a9-9308f9e80f03,false
"59010e25-7145-441f-a9d5-c6d289d76fd9",LS - L7M,,,0,,f11810fd-a0cd-4324-9679-3d38881a46d3,fcb0d92e-a087-40d4-907f-b018605cc72e,false
"59bc3275-ada7-44c7-b2ae-3111b67c16ca","603",,,0,,f11810fd-a0cd-4324-9679-3d38881a46d3,"6a4e9d78-d158-4413-9cd8-bcb5c1e8aee8",false
"5a182494-1e1a-45d4-b0da-2a4ff42f2918",LS - L1B,,,0,,f11810fd-a0cd-4324-9679-3d38881a46d3,"67f45969-4018-49df-9ef0-3f3a2a9a941d",false
"5a4e5115-5f92-412f-8fc1-52dd01e3ed65",MS - LL2H,,,0,,f11810fd-a0cd-4324-9679-3d38881a46d3,b6516e94-1231-44b9-9646-119704522525,false
"5de6d189-b3b9-4b4c-a578-80cfd9b8f8da","104",,,0,,f11810fd-a0cd-4324-9679-3d38881a46d3,"6a4e9d78-d158-4413-9cd8-bcb5c1e8aee8",false
"5e02cf8c-36bb-4f38-84a3-44baabd62d77",LS - L2SB,,,0,,f11810fd-a0cd-4324-9679-3d38881a46d3,bebdd91c-ddf2-4310-bc83-6c209f5790d8,false
"5efed944-a210-42ac-a598-f91623f3d550","407",,,0,,f11810fd-a0cd-4324-9679-3d38881a46d3,"6a4e9d78-d158-4413-9cd8-bcb5c1e8aee8",false
"5f5f927d-4a78-435f-9205-763091c3b4d1",LWC - LL7B,,,0,,f11810fd-a0cd-4324-9679-3d38881a46d3,fc263cfa-7383-4813-92a9-9308f9e80f03,false
"611905ca-9efc-412c-b119-8e89e3a3b4b9","527",,,0,,f11810fd-a0cd-4324-9679-3d38881a46d3,"6a4e9d78-d158-4413-9cd8-bcb5c1e8aee8",false
"625f2707-df83-4dc6-8d90-890aaa8213be","641",,,0,,f11810fd-a0cd-4324-9679-3d38881a46d3,"6a4e9d78-d158-4413-9cd8-bcb5c1e8aee8",false
"6281adbf-3e0d-49e9-b85d-0a675f05a9c1",LWC - L2D,,,0,,f11810fd-a0cd-4324-9679-3d38881a46d3,fc263cfa-7383-4813-92a9-9308f9e80f03,false
"632fee7f-a4c9-48f1-99d9-e3be7df0ce23",MS - LL7H,,,0,,f11810fd-a0cd-4324-9679-3d38881a46d3,"9962015a-8cab-4430-aa02-f0383f4ab188",false
"633a6e69-2d69-457c-bb8d-88c1b8750c8d",LS - L2S,,,0,,f11810fd-a0cd-4324-9679-3d38881a46d3,fc263cfa-7383-4813-92a9-9308f9e80f03,false
"6461fc10-89ca-4df5-a237-c69d9d12b74e",GS - M,,,0,,f11810fd-a0cd-4324-9679-3d38881a46d3,fc263cfa-7383-4813-92a9-9308f9e80f03,false
"6514d9fc-9b71-4a44-a67b-630813a06fe9",ES - B,,,0,,f11810fd-a0cd-4324-9679-3d38881a46d3,"11849069-9d00-4be4-a1d4-3f44518083d8",false
"667db7b8-3cb3-4b10-bf67-b0303ada3386","524",,,0,,f11810fd-a0cd-4324-9679-3d38881a46d3,"6a4e9d78-d158-4413-9cd8-bcb5c1e8aee8",false
"6713f95f-aae7-4359-813f-9b72d85ad747",MS - L1I,,,0,,f11810fd-a0cd-4324-9679-3d38881a46d3,fc263cfa-7383-4813-92a9-9308f9e80f03,false
"673c312c-530c-4299-94f0-273ec6e87a69",ES - E,,,0,,f11810fd-a0cd-4324-9679-3d38881a46d3,"11849069-9d00-4be4-a1d4-3f44518083d8",false
"691376b6-b2f0-4abe-ab1f-645be0c9f6d8",LWC - L7A,,,0,,f11810fd-a0cd-4324-9679-3d38881a46d3,fc263cfa-7383-4813-92a9-9308f9e80f03,false
"691c7ec5-df54-4ec8-9d53-e0ec653c3e1d",MS - L1D,,,0,,f11810fd-a0cd-4324-9679-3d38881a46d3,"11849069-9d00-4be4-a1d4-3f44518083d8",false
"697cd078-a884-483f-977f-bbbacc4ec7b9",LEC - F,,,0,,f11810fd-a0cd-4324-9679-3d38881a46d3,fc263cfa-7383-4813-92a9-9308f9e80f03,false
"6b4533d8-5d42-4c76-90e5-3b1523eca76d","520",,,0,,f11810fd-a0cd-4324-9679-3d38881a46d3,"6a4e9d78-d158-4413-9cd8-bcb5c1e8aee8",false
"6b653490-1f7d-46f5-9fee-601406b56d4b",LS - L2R,,,0,,f11810fd-a0cd-4324-9679-3d38881a46d3,fc263cfa-7383-4813-92a9-9308f9e80f03,false
"6c35d87b-df8c-4081-9391-2a8041ae8ea6","101",,,0,,f11810fd-a0cd-4324-9679-3d38881a46d3,"6a4e9d78-d158-4413-9cd8-bcb5c1e8aee8",false
"6ce3e9cc-9f1d-4568-819a-3ce7bc3fc5ce",LWC - LL7A,,,0,,f11810fd-a0cd-4324-9679-3d38881a46d3,fc263cfa-7383-4813-92a9-9308f9e80f03,false
"6df16214-3031-44c7-87b0-9ddc664d9f99",GS - J,,,0,,f11810fd-a0cd-4324-9679-3d38881a46d3,fc263cfa-7383-4813-92a9-9308f9e80f03,false
"6ec9dcbc-ddb0-4088-918b-fc8eab043217",LS - L4T,,,0,,f11810fd-a0cd-4324-9679-3d38881a46d3,fc263cfa-7383-4813-92a9-9308f9e80f03,false
"71d4dbd5-5e69-482a-b069-c3d4d6c4f4e9",GS - E,,,0,,f11810fd-a0cd-4324-9679-3d38881a46d3,fc263cfa-7383-4813-92a9-9308f9e80f03,false
"7447719c-bfc0-4ac4-b25f-58bb1c00d0db","633",,,0,,f11810fd-a0cd-4324-9679-3d38881a46d3,"6a4e9d78-d158-4413-9cd8-bcb5c1e8aee8",false
"79435e78-a875-4a38-8ab1-d1c3f932d402","503",,,0,,f11810fd-a0cd-4324-9679-3d38881a46d3,"6a4e9d78-d158-4413-9cd8-bcb5c1e8aee8",false
"79e0a179-f214-4670-8066-09562c778765",LEC - B,,,0,,f11810fd-a0cd-4324-9679-3d38881a46d3,fc263cfa-7383-4813-92a9-9308f9e80f03,false
"7b1467e8-d4d6-4c69-91b4-7dd856f2858f",GEC - D (Safe Standing),,,0,,f11810fd-a0cd-4324-9679-3d38881a46d3,fc263cfa-7383-4813-92a9-9308f9e80f03,false
"7b6e6509-c120-45e5-b475-d03394b9d4a7",GS - T,,,0,,f11810fd-a0cd-4324-9679-3d38881a46d3,fc263cfa-7383-4813-92a9-9308f9e80f03,false
"7be60c74-1e78-4084-9430-b23cd6415e7c",GWC - E,,,0,,f11810fd-a0cd-4324-9679-3d38881a46d3,fc263cfa-7383-4813-92a9-9308f9e80f03,false
"7db122ac-b197-4e85-a9e6-510ff3584fb3",MS - L2G,,,0,,f11810fd-a0cd-4324-9679-3d38881a46d3,fca3ef20-6eb6-4e82-bad1-5bb27a20ca48,false
"80f2376b-9b2b-4507-9374-eccc1f2169a3",GS - A,,,0,,f11810fd-a0cd-4324-9679-3d38881a46d3,fc263cfa-7383-4813-92a9-9308f9e80f03,false
"8186a252-08dc-48f2-a04d-1f44a7becc57",LS - L2Q,,,0,,f11810fd-a0cd-4324-9679-3d38881a46d3,fc263cfa-7383-4813-92a9-9308f9e80f03,false
"82b1c3b6-4cc8-48b7-9c86-6c53530a6a62",MS - L1C,,,0,,f11810fd-a0cd-4324-9679-3d38881a46d3,"11849069-9d00-4be4-a1d4-3f44518083d8",false
"840c7a8b-8aea-4ad0-97bb-de49e3055217","608",,,0,,f11810fd-a0cd-4324-9679-3d38881a46d3,"6a4e9d78-d158-4413-9cd8-bcb5c1e8aee8",false
"845ebf35-e281-4b55-9561-ab54e2e6cbeb",LWC - LL7D,,,0,,f11810fd-a0cd-4324-9679-3d38881a46d3,"9962015a-8cab-4430-aa02-f0383f4ab188",false
"85081b38-dc85-459a-8fd7-9f582ad18767",LS - L1G,,,0,,f11810fd-a0cd-4324-9679-3d38881a46d3,fc263cfa-7383-4813-92a9-9308f9e80f03,false
"8a267bcd-675f-494f-9927-05175fce294b",LWC - L4D,,,0,,f11810fd-a0cd-4324-9679-3d38881a46d3,"67f45969-4018-49df-9ef0-3f3a2a9a941d",false
"8c4787ba-8312-4891-820f-76eb5c1663c5",MS - LL7D,,,0,,f11810fd-a0cd-4324-9679-3d38881a46d3,"9962015a-8cab-4430-aa02-f0383f4ab188",false
"8c7c7a3b-4994-45cb-b599-0834ac803403",GS - G,,,0,,f11810fd-a0cd-4324-9679-3d38881a46d3,fc263cfa-7383-4813-92a9-9308f9e80f03,false
"8cd43226-bf65-4b2b-a6f4-a33af3b3f82f","632",,,0,,f11810fd-a0cd-4324-9679-3d38881a46d3,"6a4e9d78-d158-4413-9cd8-bcb5c1e8aee8",false
"8e0fc01d-9f92-4dd3-9b20-2a3f19e2ed2b",GS - U,,,0,,f11810fd-a0cd-4324-9679-3d38881a46d3,fc263cfa-7383-4813-92a9-9308f9e80f03,false
"8efc3e66-1527-413d-9534-a8f4c770ad5c",MS - LL2A,,,0,,f11810fd-a0cd-4324-9679-3d38881a46d3,b6516e94-1231-44b9-9646-119704522525,false
"8f11e19d-6ad0-4d8d-bed7-89823311b42e",MS - L4F,,,0,,f11810fd-a0cd-4324-9679-3d38881a46d3,"19194d14-111e-4c64-8e73-e07215f89dd9",false
"90037954-0b64-4619-aa32-9d41b70b14e2",ES - F,,,0,,f11810fd-a0cd-4324-9679-3d38881a46d3,"11849069-9d00-4be4-a1d4-3f44518083d8",false
"90e5e35e-3d72-4908-8236-fd38368a5114",MS - L7F,,,0,,f11810fd-a0cd-4324-9679-3d38881a46d3,"9962015a-8cab-4430-aa02-f0383f4ab188",false
"91015590-2925-4761-90ca-a35e0e436553","604",,,0,,f11810fd-a0cd-4324-9679-3d38881a46d3,"6a4e9d78-d158-4413-9cd8-bcb5c1e8aee8",false
"93067249-820b-4982-84ee-54a7b7fedb17",MS - L3C,,,0,,f11810fd-a0cd-4324-9679-3d38881a46d3,"24acd734-1552-4e84-8507-d84fe6f8d5fd",false
"93e6ab33-d960-45e2-a7a1-d47b103d1532",LS - L2N,,,0,,f11810fd-a0cd-4324-9679-3d38881a46d3,fc263cfa-7383-4813-92a9-9308f9e80f03,false
"93ffdcb1-dd7e-4e81-9ab9-0351ce188264",LWC - L2C,,,0,,f11810fd-a0cd-4324-9679-3d38881a46d3,fc263cfa-7383-4813-92a9-9308f9e80f03,false
"944e4280-7820-4d0f-bb33-c196083bd285",GS - S,,,0,,f11810fd-a0cd-4324-9679-3d38881a46d3,fc263cfa-7383-4813-92a9-9308f9e80f03,false
"9701a125-50bc-40fd-9c0c-c25236a6f991",LEC - D,,,0,,f11810fd-a0cd-4324-9679-3d38881a46d3,fc263cfa-7383-4813-92a9-9308f9e80f03,false
"99a53751-7991-4be9-934b-889a5a9ac3a6","509",,,0,,f11810fd-a0cd-4324-9679-3d38881a46d3,"6a4e9d78-d158-4413-9cd8-bcb5c1e8aee8",false
"9a132bef-d092-4c4d-913d-e30e83c6467c",LWC - L4A,,,0,,f11810fd-a0cd-4324-9679-3d38881a46d3,"67f45969-4018-49df-9ef0-3f3a2a9a941d",false
"9ac8eec2-7ccf-44ac-b800-f2aecadbc768",LS - LL7M,,,0,,f11810fd-a0cd-4324-9679-3d38881a46d3,fcb0d92e-a087-40d4-907f-b018605cc72e,false
"9b60fb9a-304b-4a4f-b6b8-bc1e2485849c",LS - L1I,,,0,,f11810fd-a0cd-4324-9679-3d38881a46d3,fc263cfa-7383-4813-92a9-9308f9e80f03,false
"9bad236c-3469-4cec-9a54-cde8cc90bd52",GS - N,,,0,,f11810fd-a0cd-4324-9679-3d38881a46d3,fc263cfa-7383-4813-92a9-9308f9e80f03,false
"9d319771-c7e9-4f3c-a673-5096788f8ea7","623",,,0,,f11810fd-a0cd-4324-9679-3d38881a46d3,"6a4e9d78-d158-4413-9cd8-bcb5c1e8aee8",false
"9e7a957d-a5bd-434c-a5a1-3881384049fd","519",,,0,,f11810fd-a0cd-4324-9679-3d38881a46d3,"6a4e9d78-d158-4413-9cd8-bcb5c1e8aee8",false
"9f6f0b37-6c36-4ec6-b217-9ce89f5b7a53","621",,,0,,f11810fd-a0cd-4324-9679-3d38881a46d3,"6a4e9d78-d158-4413-9cd8-bcb5c1e8aee8",false
a013dead-4d0b-46af-821d-567b446e20ba,MS - L3D,,,0,,f11810fd-a0cd-4324-9679-3d38881a46d3,"24acd734-1552-4e84-8507-d84fe6f8d5fd",false
a100e2d7-c4fd-4504-8974-253ad8366322,LS - L6D,,,0,,f11810fd-a0cd-4324-9679-3d38881a46d3,"4c3d9d9c-ea56-41a7-862d-145d23a2cb75",false
a22abc91-2b92-441a-a6f9-944c6688be89,LS - L1A,,,0,,f11810fd-a0cd-4324-9679-3d38881a46d3,"67f45969-4018-49df-9ef0-3f3a2a9a941d",false
a33771f7-1288-44ba-9a1e-720b2a7fd45e,"112",,,0,,f11810fd-a0cd-4324-9679-3d38881a46d3,"6a4e9d78-d158-4413-9cd8-bcb5c1e8aee8",false
a40904bf-405f-459e-8862-38f7b6ac76e6,"403",,,0,,f11810fd-a0cd-4324-9679-3d38881a46d3,"6a4e9d78-d158-4413-9cd8-bcb5c1e8aee8",false
a42362f4-fdee-4c4b-9672-87081f2e51c6,"618",,,0,,f11810fd-a0cd-4324-9679-3d38881a46d3,"6a4e9d78-d158-4413-9cd8-bcb5c1e8aee8",false
a6b116c8-22f4-4e7b-84f5-e5e3cf288d76,"105",,,0,,f11810fd-a0cd-4324-9679-3d38881a46d3,"6a4e9d78-d158-4413-9cd8-bcb5c1e8aee8",false
a8458d4d-b003-4ef0-8063-8d858a05bf0c,LWC - L7D,,,0,,f11810fd-a0cd-4324-9679-3d38881a46d3,fc263cfa-7383-4813-92a9-9308f9e80f03,false
a97af259-b8aa-4ba7-a809-49d9570cbe3a,LWC - L4E,,,0,,f11810fd-a0cd-4324-9679-3d38881a46d3,"67f45969-4018-49df-9ef0-3f3a2a9a941d",false
a9cd5ac7-2b9e-45be-add2-d57b74b1fa27,MS - L2D,,,0,,f11810fd-a0cd-4324-9679-3d38881a46d3,fca3ef20-6eb6-4e82-bad1-5bb27a20ca48,false
ac236838-6a44-499b-aeb3-728ff4ef0470,LS - LL7J,,,0,,f11810fd-a0cd-4324-9679-3d38881a46d3,fcb0d92e-a087-40d4-907f-b018605cc72e,false
ad25339b-564a-45fc-8c28-0a4edc85f6c0,MS - L4B,,,0,,f11810fd-a0cd-4324-9679-3d38881a46d3,"8fd5c175-b0b0-4e07-80e1-5d52472f1243",false
af3da516-acd8-45ec-8652-770f92d6e20a,Press Box,,,0,,f11810fd-a0cd-4324-9679-3d38881a46d3,"4c826950-dca6-4906-9e88-cbd7c72c82e2",false
afe0987e-81f8-447f-9bdd-8edfb6345483,MS - L7D,,,0,,f11810fd-a0cd-4324-9679-3d38881a46d3,"9962015a-8cab-4430-aa02-f0383f4ab188",false
b0b83828-d701-4b0f-be43-56c8f4aad9c2,"625",,,0,,f11810fd-a0cd-4324-9679-3d38881a46d3,"6a4e9d78-d158-4413-9cd8-bcb5c1e8aee8",false
b251c7f9-c3cc-4296-b6ea-0e0ad54990e7,GEC - C (Safe Standing),,,0,,f11810fd-a0cd-4324-9679-3d38881a46d3,fc263cfa-7383-4813-92a9-9308f9e80f03,false
b397705d-a2af-4cf9-a0da-87a07eb697fe,LS - LL7K,,,0,,f11810fd-a0cd-4324-9679-3d38881a46d3,fcb0d92e-a087-40d4-907f-b018605cc72e,false
b532798d-6e5d-44d7-923c-e50f09a8bb07,GS - Q,,,0,,f11810fd-a0cd-4324-9679-3d38881a46d3,fc263cfa-7383-4813-92a9-9308f9e80f03,false
b5472b51-75a6-4a7f-9102-4dcc18a0c4a7,MS - L2C,,,0,,f11810fd-a0cd-4324-9679-3d38881a46d3,fca3ef20-6eb6-4e82-bad1-5bb27a20ca48,false
b553b2f3-06e9-4612-913a-0972d92d4acd,LWC - L2B,,,0,,f11810fd-a0cd-4324-9679-3d38881a46d3,fc263cfa-7383-4813-92a9-9308f9e80f03,false
b60ca51a-5554-46b6-9647-895c4c66b859,MS - L7A,,,0,,f11810fd-a0cd-4324-9679-3d38881a46d3,"9962015a-8cab-4430-aa02-f0383f4ab188",false
b8a55ea3-cb9c-4ea9-af8b-ee2062f9b38f,"510",,,0,,f11810fd-a0cd-4324-9679-3d38881a46d3,"6a4e9d78-d158-4413-9cd8-bcb5c1e8aee8",false
b929bc84-ccb2-47d9-a5ea-6d0c7207bdc4,GS - L,,,0,,f11810fd-a0cd-4324-9679-3d38881a46d3,fc263cfa-7383-4813-92a9-9308f9e80f03,false
ba4f99b2-1630-4e11-ad5f-dc43800be37d,"535",,,0,,f11810fd-a0cd-4324-9679-3d38881a46d3,"6a4e9d78-d158-4413-9cd8-bcb5c1e8aee8",false
bab68572-1cbf-494d-bf2a-fddabff18783,GS - P,,,0,,f11810fd-a0cd-4324-9679-3d38881a46d3,fc263cfa-7383-4813-92a9-9308f9e80f03,false
baff2740-1d5f-46ac-b07e-f8b87ef60896,MS - L7E,,,0,,f11810fd-a0cd-4324-9679-3d38881a46d3,fc263cfa-7383-4813-92a9-9308f9e80f03,false
bf369b14-599f-41bc-a4ad-c653b9c303b3,"620",,,0,,f11810fd-a0cd-4324-9679-3d38881a46d3,"97a687bd-46dc-49d0-abf7-d0770bc7139f",false
c18d358f-562e-42f3-8124-8349fd110240,"516",,,0,,f11810fd-a0cd-4324-9679-3d38881a46d3,"6a4e9d78-d158-4413-9cd8-bcb5c1e8aee8",false
c1c199d3-6cc2-446d-b48f-3b79a122b30b,GS - R,,,0,,f11810fd-a0cd-4324-9679-3d38881a46d3,fc263cfa-7383-4813-92a9-9308f9e80f03,false
c1e9a367-1ffd-426b-81d8-bafe1a92c54c,"617",,,0,,f11810fd-a0cd-4324-9679-3d38881a46d3,"6a4e9d78-d158-4413-9cd8-bcb5c1e8aee8",false
c21c420f-6eb5-4d2b-a807-7a5f31787cba,LS - L4U,,,0,,f11810fd-a0cd-4324-9679-3d38881a46d3,fc263cfa-7383-4813-92a9-9308f9e80f03,false
c28e6981-2630-44ee-a824-9125bfd2d547,"616",,,0,,f11810fd-a0cd-4324-9679-3d38881a46d3,"6a4e9d78-d158-4413-9cd8-bcb5c1e8aee8",false
c3512986-7285-4c8a-99d2-820ef3de92c8,"409",,,0,,f11810fd-a0cd-4324-9679-3d38881a46d3,"6a4e9d78-d158-4413-9cd8-bcb5c1e8aee8",false
c36c2e0f-daae-440d-89d5-6216131495f4,LS - L2P,,,0,,f11810fd-a0cd-4324-9679-3d38881a46d3,fc263cfa-7383-4813-92a9-9308f9e80f03,false
c3e9bd33-0782-4851-9abe-6593b435349d,LS - L7K,,,0,,f11810fd-a0cd-4324-9679-3d38881a46d3,fcb0d92e-a087-40d4-907f-b018605cc72e,false
c468b4e3-76a2-4d13-954a-42006eb302c5,MS - LL7G,,,0,,f11810fd-a0cd-4324-9679-3d38881a46d3,"9962015a-8cab-4430-aa02-f0383f4ab188",false
c4cc11c3-7e20-48a7-9a37-82ea0d26f7db,"605",,,0,,f11810fd-a0cd-4324-9679-3d38881a46d3,"6a4e9d78-d158-4413-9cd8-bcb5c1e8aee8",false
c4f368dc-e5e3-441b-9d72-68e81ffc1859,ES - L,,,0,,f11810fd-a0cd-4324-9679-3d38881a46d3,"11849069-9d00-4be4-a1d4-3f44518083d8",false
c78e3943-bda4-4b3a-99c5-23546a4b41a2,"106",,,0,,f11810fd-a0cd-4324-9679-3d38881a46d3,"6a4e9d78-d158-4413-9cd8-bcb5c1e8aee8",false
c8eedf5a-839c-46eb-9e13-0aff06d960b3,LS - L4X,,,0,,f11810fd-a0cd-4324-9679-3d38881a46d3,fc263cfa-7383-4813-92a9-9308f9e80f03,false
c93dfad4-9146-469e-87a8-4a3c7c1fc877,ES - K,,,0,,f11810fd-a0cd-4324-9679-3d38881a46d3,"11849069-9d00-4be4-a1d4-3f44518083d8",false
c9cf0336-d314-495a-aa67-bd9be49d0b0d,ES - M,,,0,,f11810fd-a0cd-4324-9679-3d38881a46d3,"11849069-9d00-4be4-a1d4-3f44518083d8",false
c9d76bef-bc59-4cff-830a-cb388ab5796c,LS - L1H,,,0,,f11810fd-a0cd-4324-9679-3d38881a46d3,fc263cfa-7383-4813-92a9-9308f9e80f03,false
ca2c8426-4894-4cb0-9206-229ed58ed598,LS - L1F,,,0,,f11810fd-a0cd-4324-9679-3d38881a46d3,"67f45969-4018-49df-9ef0-3f3a2a9a941d",false
caced3bd-2365-4033-a421-9e884c7f4353,"626",,,0,,f11810fd-a0cd-4324-9679-3d38881a46d3,"6a4e9d78-d158-4413-9cd8-bcb5c1e8aee8",false
cd6a71c4-cff1-4fe4-bada-c85292cd3554,MS - LL7B,,,0,,f11810fd-a0cd-4324-9679-3d38881a46d3,"9962015a-8cab-4430-aa02-f0383f4ab188",false
cea32c47-51af-493c-bfce-e16318443e39,LEC - E,,,0,,f11810fd-a0cd-4324-9679-3d38881a46d3,fc263cfa-7383-4813-92a9-9308f9e80f03,false
ceae7009-7a3f-4342-bdfd-c4b4a4aac9b5,LWC - L7F,,,0,,f11810fd-a0cd-4324-9679-3d38881a46d3,fcb0d92e-a087-40d4-907f-b018605cc72e,false
cf8ee898-2137-4eeb-973d-dc438c974cd8,"614",,,0,,f11810fd-a0cd-4324-9679-3d38881a46d3,"6a4e9d78-d158-4413-9cd8-bcb5c1e8aee8",false
d06b7344-b029-4735-9b98-9fd05a29ad17,"645",,,0,,f11810fd-a0cd-4324-9679-3d38881a46d3,fca3ef20-6eb6-4e82-bad1-5bb27a20ca48,false
d09acde6-9e42-4777-a80e-b0e9bd5b588a,"642",,,0,,f11810fd-a0cd-4324-9679-3d38881a46d3,"6a4e9d78-d158-4413-9cd8-bcb5c1e8aee8",false
d23aa291-5c05-4599-9520-6408ec5f9cc3,MS - LL7E,,,0,,f11810fd-a0cd-4324-9679-3d38881a46d3,fc263cfa-7383-4813-92a9-9308f9e80f03,false
d27234b3-0bbf-4de2-9424-d07f51d77512,"628",,,0,,f11810fd-a0cd-4324-9679-3d38881a46d3,"6a4e9d78-d158-4413-9cd8-bcb5c1e8aee8",false
d34025a2-0bbe-43f4-9536-6a9ea261b118,"502",,,0,,f11810fd-a0cd-4324-9679-3d38881a46d3,"6a4e9d78-d158-4413-9cd8-bcb5c1e8aee8",false
d3ddd27e-4b74-4b90-9a63-3546efe9176a,MS - LL2F,,,0,,f11810fd-a0cd-4324-9679-3d38881a46d3,b6516e94-1231-44b9-9646-119704522525,false
d621006e-4a5f-4fad-b757-b7d10ac2c0e0,"518",,,0,,f11810fd-a0cd-4324-9679-3d38881a46d3,"6a4e9d78-d158-4413-9cd8-bcb5c1e8aee8",false
d711ace5-7e28-4d46-ad93-cf7d51b55fbe,GWC - A,,,0,,f11810fd-a0cd-4324-9679-3d38881a46d3,fc263cfa-7383-4813-92a9-9308f9e80f03,false
d7b0917b-8806-4e96-a74b-bea9b7bf6602,LEC - H,,,0,,f11810fd-a0cd-4324-9679-3d38881a46d3,fc263cfa-7383-4813-92a9-9308f9e80f03,false
d7fa762b-d9aa-412f-a970-78ea0e17f7de,GWC - D,,,0,,f11810fd-a0cd-4324-9679-3d38881a46d3,fc263cfa-7383-4813-92a9-9308f9e80f03,false
da27be83-050d-42fc-b2a8-c747d0fd6411,LWC - L7E,,,0,,f11810fd-a0cd-4324-9679-3d38881a46d3,fc263cfa-7383-4813-92a9-9308f9e80f03,false
dba9eeb7-ba96-4efe-bb55-9db85f0fe37e,MS - L2E,,,0,,f11810fd-a0cd-4324-9679-3d38881a46d3,fca3ef20-6eb6-4e82-bad1-5bb27a20ca48,false
dcec6d88-1d26-413b-a80d-7b0e5dea1f47,"612",,,0,,f11810fd-a0cd-4324-9679-3d38881a46d3,"6a4e9d78-d158-4413-9cd8-bcb5c1e8aee8",false
dd0b9fb2-24ca-4bdd-98d3-e8400a6d3adb,LWC - L7C,,,0,,f11810fd-a0cd-4324-9679-3d38881a46d3,"9962015a-8cab-4430-aa02-f0383f4ab188",false
dd956a1b-cbb9-4c2b-a5dc-c3ec23e1eab0,MS - L1F,,,0,,f11810fd-a0cd-4324-9679-3d38881a46d3,"11849069-9d00-4be4-a1d4-3f44518083d8",false
de192e1f-ce46-4d8e-a44c-40d4f876b5ca,"522",,,0,,f11810fd-a0cd-4324-9679-3d38881a46d3,"6a4e9d78-d158-4413-9cd8-bcb5c1e8aee8",false
df1a6e16-1fbc-4200-b7c2-c5b89c50f117,GEC - E (Safe Standing),,,0,,f11810fd-a0cd-4324-9679-3d38881a46d3,fc263cfa-7383-4813-92a9-9308f9e80f03,false
df5b70fb-f157-45e6-a0ab-f3961f236b0b,GS - C,,,0,,f11810fd-a0cd-4324-9679-3d38881a46d3,fc263cfa-7383-4813-92a9-9308f9e80f03,false
df65e337-558d-4bb9-b01b-a3a72bc7c64d,MS - L4D,,,0,,f11810fd-a0cd-4324-9679-3d38881a46d3,"6a4e9d78-d158-4413-9cd8-bcb5c1e8aee8",false
dfc0916f-77c8-45d7-9eee-d9ec4290bf47,"606",,,0,,f11810fd-a0cd-4324-9679-3d38881a46d3,"6a4e9d78-d158-4413-9cd8-bcb5c1e8aee8",false
e0f5d9bc-c694-4ef2-bd6c-6e5f574798cc,LEC - C,,,0,,f11810fd-a0cd-4324-9679-3d38881a46d3,fc263cfa-7383-4813-92a9-9308f9e80f03,false
e1fcecf5-5409-4b63-8df6-3ede5cad9da5,ES - I,,,0,,f11810fd-a0cd-4324-9679-3d38881a46d3,"11849069-9d00-4be4-a1d4-3f44518083d8",false
e203949f-d77c-47aa-a224-ccaed67d6115,"622",,,0,,f11810fd-a0cd-4324-9679-3d38881a46d3,"6a4e9d78-d158-4413-9cd8-bcb5c1e8aee8",false
e290287f-9735-4802-8d62-50b6caf9b8b1,ES - A,,,0,,f11810fd-a0cd-4324-9679-3d38881a46d3,"11849069-9d00-4be4-a1d4-3f44518083d8",false
e4104aab-14a3-4b97-98d7-082aa330e68e,"513",,,0,,f11810fd-a0cd-4324-9679-3d38881a46d3,"6a4e9d78-d158-4413-9cd8-bcb5c1e8aee8",false
e430345c-8c09-4f27-8805-905db4ec318d,"607",,,0,,f11810fd-a0cd-4324-9679-3d38881a46d3,"6a4e9d78-d158-4413-9cd8-bcb5c1e8aee8",false
e45f0f99-b1fe-4d10-b888-59aca20f3c62,"110",,,0,,f11810fd-a0cd-4324-9679-3d38881a46d3,"6a4e9d78-d158-4413-9cd8-bcb5c1e8aee8",false
e4fef4e3-5cb1-42d4-8520-01dc0dcec336,"627",,,0,,f11810fd-a0cd-4324-9679-3d38881a46d3,"6a4e9d78-d158-4413-9cd8-bcb5c1e8aee8",false
e521d994-80d4-489e-85eb-d59d4fe0289a,"536",,,0,,f11810fd-a0cd-4324-9679-3d38881a46d3,"6a4e9d78-d158-4413-9cd8-bcb5c1e8aee8",false
e64a75a4-e13e-4976-a7c2-36ca27e41cf9,LS - L1D,,,0,,f11810fd-a0cd-4324-9679-3d38881a46d3,"67f45969-4018-49df-9ef0-3f3a2a9a941d",false
e7ac2f97-3d98-4d5a-bcc6-e8f793bfbf2a,LS - L1K,,,0,,f11810fd-a0cd-4324-9679-3d38881a46d3,fc263cfa-7383-4813-92a9-9308f9e80f03,false
e7fa9ae3-5b98-4134-b69c-3bc4da59e1ea,GEC - F (Safe Standing),,,0,,f11810fd-a0cd-4324-9679-3d38881a46d3,fc263cfa-7383-4813-92a9-9308f9e80f03,false
e8c21380-e154-4232-9d22-20cf6f185335,"109",,,0,,f11810fd-a0cd-4324-9679-3d38881a46d3,"6a4e9d78-d158-4413-9cd8-bcb5c1e8aee8",false
eaa2947d-4080-4e5e-9411-eae73069c747,MS - L3B,,,0,,f11810fd-a0cd-4324-9679-3d38881a46d3,"24acd734-1552-4e84-8507-d84fe6f8d5fd",false
ebdd1b26-3d5f-491a-b31e-1bf8cf3a5644,LWC - LL7F,,,0,,f11810fd-a0cd-4324-9679-3d38881a46d3,fc263cfa-7383-4813-92a9-9308f9e80f03,false
ed36e424-67dc-4720-9ff9-77810834178e,ES - J,,,0,,f11810fd-a0cd-4324-9679-3d38881a46d3,"11849069-9d00-4be4-a1d4-3f44518083d8",false
edc4bbf9-eed7-4c4c-a09b-2f5c619fd4d0,MS - LL2E,,,0,,f11810fd-a0cd-4324-9679-3d38881a46d3,b6516e94-1231-44b9-9646-119704522525,false
efa4d67a-dad2-4279-9255-6f56a2e52bba,"505",,,0,,f11810fd-a0cd-4324-9679-3d38881a46d3,"6a4e9d78-d158-4413-9cd8-bcb5c1e8aee8",false
f05d2af4-067a-4400-aa26-c986735b66ba,LS - L4V,,,0,,f11810fd-a0cd-4324-9679-3d38881a46d3,fc263cfa-7383-4813-92a9-9308f9e80f03,false
f0eb8be4-7e35-41ce-b712-07ea63021520,MS - L7H,,,0,,f11810fd-a0cd-4324-9679-3d38881a46d3,"9962015a-8cab-4430-aa02-f0383f4ab188",false
f129b717-d6cc-4f01-bf2a-7e0ae342a050,LS - L6C,,,0,,f11810fd-a0cd-4324-9679-3d38881a46d3,"4c3d9d9c-ea56-41a7-862d-145d23a2cb75",false
f2823f84-aa83-4942-af82-4104b0ccc6b3,MS - L4E,,,0,,f11810fd-a0cd-4324-9679-3d38881a46d3,"19194d14-111e-4c64-8e73-e07215f89dd9",false
f2f900f2-6b43-4316-8708-0650e2dd5e72,GWC - C,,,0,,f11810fd-a0cd-4324-9679-3d38881a46d3,fc263cfa-7383-4813-92a9-9308f9e80f03,false
f47ad0be-2b65-4884-bee1-e8700110d678,LS - L6E,,,0,,f11810fd-a0cd-4324-9679-3d38881a46d3,fc263cfa-7383-4813-92a9-9308f9e80f03,false
f5e56369-3f10-4da9-a870-30b174c7d082,"514",,,0,,f11810fd-a0cd-4324-9679-3d38881a46d3,"6a4e9d78-d158-4413-9cd8-bcb5c1e8aee8",false
f828384e-0851-4b4a-bd31-eb0bfb8c7dfa,LS - L7H,,,0,,f11810fd-a0cd-4324-9679-3d38881a46d3,fcb0d92e-a087-40d4-907f-b018605cc72e,false
f832ac13-77bc-4f74-88ce-743c6bdb1663,LS - L1J,,,0,,f11810fd-a0cd-4324-9679-3d38881a46d3,fc263cfa-7383-4813-92a9-9308f9e80f03,false
f9cd5dbd-73d7-4b99-9918-3090e2510a3b,GS - V,,,0,,f11810fd-a0cd-4324-9679-3d38881a46d3,fc263cfa-7383-4813-92a9-9308f9e80f03,false
f9e19be7-8143-4b22-9dbb-c1619cd6d0b6,"508",,,0,,f11810fd-a0cd-4324-9679-3d38881a46d3,"6a4e9d78-d158-4413-9cd8-bcb5c1e8aee8",false
fb2b4e5e-979d-44ca-b4a4-7ae4ba117402,"533",,,0,,f11810fd-a0cd-4324-9679-3d38881a46d3,"6a4e9d78-d158-4413-9cd8-bcb5c1e8aee8",false
fc36abaf-6d76-4a6b-83a7-36edfe68b8e9,"102",,,0,,f11810fd-a0cd-4324-9679-3d38881a46d3,"6a4e9d78-d158-4413-9cd8-bcb5c1e8aee8",false
fc60fb55-d34d-4773-b436-23f7a0f49d44,"629",,,0,,f11810fd-a0cd-4324-9679-3d38881a46d3,"6a4e9d78-d158-4413-9cd8-bcb5c1e8aee8",false
fd1049a2-e890-4204-99fd-c889dda2bde6,LEC - G,,,0,,f11810fd-a0cd-4324-9679-3d38881a46d3,fc263cfa-7383-4813-92a9-9308f9e80f03,false
ffec72d4-9b24-40a6-8407-1aa4ee01c0bd,LS - L1E,,,0,,f11810fd-a0cd-4324-9679-3d38881a46d3,"67f45969-4018-49df-9ef0-3f3a2a9a941d",false
